"","sampleNames","sequencing_ID","sample_ID","read.sum","time.point","date","lake","sample_type","organism","Number.of.Organism","phy_group","elevation_m","temp_C","chla_ug.L","pH","DO_perc","spc","cond","DOC","TDN","TDP","elev.cat"
"01_16S","01_16S","MP_01_16S","1_Z22",6330,"1",2022-06-29,"Convict","Zooplankton","Calanoid",50,"copepoda",2315,13.8,0.26,5.87,81.6,166,130.3,0.6,NA,NA,"Below"
"02_16S","02_16S","MP_02_16S","65_Z",9644,"3",2022-06-29,"Blue","Zooplankton","Cyclopoid",50,"copepoda",3005,17,0.22,8.48,81.3,100.2,84.9,0.9,79.48,6.19,"Above"
"03_16S","03_16S","MP_03_16S","95_Z",10597,"3",2022-07-21,"Cooney","Zooplankton","Cyclopoid",50,"copepoda",3116,16.7,0.43,8.61,76.8,112.9,95,1,84.23,369.04,"Above"
"04_16S","04_16S","MP_04_16S","45_Z22",9094,"1",2022-06-29,"Virginia","Zooplankton","Cyclopoid",50,"copepoda",2983,14.5,0.67,7.88,76,90.3,72.2,0.8,165.18,4.95,"Above"
"05_16S","05_16S","MP_05_16S","78_Z",11128,"3",2022-07-21,"Convict","Zooplankton","Calanoid",50,"copepoda",2315,18.2,0.2,8.34,76.7,164.8,143.5,0.8,103.23,204.95,"Below"
"06_16S","06_16S","MP_06_16S","39_Z",91373,"2",2022-07-09,"Virginia","Zooplankton","Calanoid",50,"copepoda",2983,16.1,0.58,7.32,80.5,91.6,76.1,1.1,872.79,NA,"Above"
"07_16S","07_16S","MP_07_16S","31_Z22",16609,"1",2022-06-29,"Cooney","Zooplankton","Daphnia",30,"cladocera",3116,12.6,0.45,7.96,80.5,106.9,81.7,0.7,269.97,57.28,"Above"
"08_16S","08_16S","MP_08_16S","28_Z",478,"2",2022-07-09,"Convict","Zooplankton","Calanoid",40,"copepoda",2315,15.3,0.28,7.14,84.5,163.2,137.2,1.1,NA,4.33,"Below"
"09_16S","09_16S","MP_09_16S","51_Z22",1344,"1",2022-06-29,"Serene","Zooplankton","Calanoid",50,"copepoda",3124,14.4,1.31,6.96,69.5,17.6,14,2.7,211.83,10.84,"Above"
"10_16S","10_16S","MP_10_16S","4_Z",2202,"2",2022-07-09,"Eastern Brook","Zooplankton","Calanoid",50,"copepoda",3155,16,0.93,8.6,73.8,20.6,17,3.4,409.63,13.62,"Above"
"101_16S","101_16S","MP_101_16S","10_Z22",1727,"1",2022-06-29,"Convict","Zooplankton","Daphnia",20,"cladocera",2315,13.8,0.26,5.87,81.6,166,130.3,0.6,NA,NA,"Below"
"102_16S","102_16S","MP_102_16S","116_Z",751,"3",2022-07-21,"Serene","Zooplankton","Large Calanoid",10,"copepoda",3124,19.7,1.12,8.36,71.9,18.5,16.6,3.1,302.75,48.61,"Above"
"103_16S","103_16S","MP_103_16S","102_Z",466,"3",2022-07-21,"Eastern Brook","Zooplankton","Daphnia",30,"cladocera",3155,18.9,1.05,8.56,74.2,21,18.5,3.45,202.99,101.86,"Above"
"104_16S","104_16S","MP_104_16S","59_Z",6892,"3",2022-06-29,"Blue","Zooplankton","Daphnia",30,"cladocera",3005,17,0.22,8.48,81.3,100.2,84.9,0.9,79.48,6.19,"Above"
"106_16S","106_16S","MP_106_16S","113_Z",3305,"3",2022-07-21,"Serene","Zooplankton","Calanoid",50,"copepoda",3124,19.7,1.12,8.36,71.9,18.5,16.6,3.1,302.75,48.61,"Above"
"107_16S","107_16S","MP_107_16S","90_Z",195,"3",2022-07-21,"Cooney","Zooplankton","Daphnia",30,"cladocera",3116,16.7,0.43,8.61,76.8,112.9,95,1,84.23,369.04,"Above"
"109_16S","109_16S","MP_109_16S","61_Z",1397,"3",2022-06-29,"Blue","Zooplankton","Daphnia",30,"cladocera",3005,17,0.22,8.48,81.3,100.2,84.9,0.9,79.48,6.19,"Above"
"11_16S","11_16S","MP_11_16S","31_Z",4677,"2",2022-07-09,"Virginia","Zooplankton","Cyclopoid",50,"copepoda",2983,16.1,0.58,7.32,80.5,91.6,76.1,1.1,872.79,NA,"Above"
"110_16S","110_16S","MP_110_16S","87_Z",139,"3",2022-07-21,"Convict","Zooplankton","Bosmina",50,"cladocera",2315,18.2,0.2,8.34,76.7,164.8,143.5,0.8,103.23,204.95,"Below"
"111_16S","111_16S","MP_111_16S","118_Z",144,"3",2022-07-21,"Serene","Zooplankton","Daphnia",30,"cladocera",3124,19.7,1.12,8.36,71.9,18.5,16.6,3.1,302.75,48.61,"Above"
"112_16S","112_16S","MP_112_16S","19_Z22",276,"1",2022-06-29,"Eastern Brook","Zooplankton","Bosmina",50,"cladocera",3155,13.1,0.4,6.9,67.3,20,15.5,3.1,217.44,32.97,"Above"
"113_16S","113_16S","MP_113_16S","33_Z22",13587,"1",2022-06-29,"Cooney","Zooplankton","Daphnia",100,"cladocera",3116,12.6,0.45,7.96,80.5,106.9,81.7,0.7,269.97,57.28,"Above"
"114_16S","114_16S","MP_114_16S","3_Z",265,"2",2022-07-09,"Eastern Brook","Zooplankton","Daphnia",30,"cladocera",3155,16,0.93,8.6,73.8,20.6,17,3.4,409.63,13.62,"Above"
"115_16S","115_16S","MP_115_16S","67_Z",182,"3",2022-07-21,"Virginia","Zooplankton","Daphnia",30,"cladocera",2983,18.7,0.35,8.48,81.4,93,81.9,1.1,217.24,7.74,"Above"
"116_16S","116_16S","MP_116_16S","59_Z22",10336,"1",2022-06-29,"Blue","Zooplankton","Daphnia",30,"cladocera",3005,12.8,0.34,7.97,73.8,97.5,74.7,0.8,137.16,22.6,"Above"
"117_16S","117_16S","MP_117_16S","106_Z",4039,"3",2022-07-21,"Eastern Brook","Zooplankton","Calanoid",50,"copepoda",3155,18.9,1.05,8.56,74.2,21,18.5,3.45,202.99,101.86,"Above"
"118_16S","118_16S","MP_118_16S","22_Z",666,"2",2022-06-29,"Blue","Zooplankton","Daphnia",30,"cladocera",3005,14.8,0.42,7.04,82.1,98.7,79.4,0.9,264.74,149.54,"Above"
"119_16S","119_16S","MP_119_16S","97_Z",3084,"3",2022-07-21,"Cooney","Zooplankton","Calanoid",50,"copepoda",3116,16.7,0.43,8.61,76.8,112.9,95,1,84.23,369.04,"Above"
"12_16S","12_16S","MP_12_16S","74_Z",592,"3",2022-07-21,"Virginia","Zooplankton","Cyclopoid",50,"copepoda",2983,18.7,0.35,8.48,81.4,93,81.9,1.1,217.24,7.74,"Above"
"121_16S","121_16S","MP_121_16S","112_Z",2011,"3",2022-07-21,"Serene","Zooplankton","Calanoid",50,"copepoda",3124,19.7,1.12,8.36,71.9,18.5,16.6,3.1,302.75,48.61,"Above"
"122_16S","122_16S","MP_122_16S","101_Z",618,"3",2022-07-21,"Eastern Brook","Zooplankton","Daphnia",30,"cladocera",3155,18.9,1.05,8.56,74.2,21,18.5,3.45,202.99,101.86,"Above"
"123_16S","123_16S","MP_123_16S","8_Z22",188,"1",2022-06-29,"Convict","Zooplankton","Daphnia",20,"cladocera",2315,13.8,0.26,5.87,81.6,166,130.3,0.6,NA,NA,"Below"
"124_16S","124_16S","MP_124_16S","98_Z",1046,"3",2022-07-21,"Cooney","Zooplankton","Calanoid",50,"copepoda",3116,16.7,0.43,8.61,76.8,112.9,95,1,84.23,369.04,"Above"
"125_16S","125_16S","MP_125_16S","9_Z22",339,"1",2022-06-29,"Convict","Zooplankton","Daphnia",20,"cladocera",2315,13.8,0.26,5.87,81.6,166,130.3,0.6,NA,NA,"Below"
"126_16S","126_16S","MP_126_16S","117_Z",634,"3",2022-07-21,"Serene","Zooplankton","Daphnia",30,"cladocera",3124,19.7,1.12,8.36,71.9,18.5,16.6,3.1,302.75,48.61,"Above"
"127_16S","127_16S","MP_127_16S","41_Z",15731,"2",2022-07-09,"Cooney","Zooplankton","Daphnia",30,"cladocera",3116,14.3,0.3,6.94,77.5,109.6,87.1,1,74.73,9.29,"Above"
"128_16S","128_16S","MP_128_16S","110_Z",2262,"3",2022-07-21,"Eastern Brook","Zooplankton","Cyclopoid",50,"copepoda",3155,18.9,1.05,8.56,74.2,21,18.5,3.45,202.99,101.86,"Above"
"130_16S","130_16S","MP_130_16S","49_Z",1999,"5",2022-06-29,"Blue","Zooplankton","Daphnia",30,"cladocera",3005,18.5,0.55,7.93,73.1,115.1,93.6,1.1,NA,NA,"Above"
"131_16S","131_16S","MP_131_16S","111_Z",9735,"3",2022-07-21,"Eastern Brook","Zooplankton","Holopedium",8,"cladocera",3155,18.9,1.05,8.56,74.2,21,18.5,3.45,202.99,101.86,"Above"
"132_16S","132_16S","MP_132_16S","48_Z22",5273,"1",2022-06-29,"Virginia","Zooplankton","Cyclopoid",98,"copepoda",2983,14.5,0.67,7.88,76,90.3,72.2,0.8,165.18,4.95,"Above"
"133_16S","133_16S","MP_133_16S","83_Z",1303,"3",2022-07-21,"Convict","Zooplankton","Daphnia",30,"cladocera",2315,18.2,0.2,8.34,76.7,164.8,143.5,0.8,103.23,204.95,"Below"
"134_16S","134_16S","MP_134_16S","20_Z22",397,"1",2022-06-29,"Eastern Brook","Zooplankton","Cyclopoid",50,"copepoda",3155,13.1,0.4,6.9,67.3,20,15.5,3.1,217.44,32.97,"Above"
"135_16S","135_16S","MP_135_16S","124_Z",243,"3",2022-07-21,"Serene","Zooplankton","Holopedium",10,"cladocera",3124,19.7,1.12,8.36,71.9,18.5,16.6,3.1,302.75,48.61,"Above"
"136_16S","136_16S","MP_136_16S","17_Z22",137,"1",2022-06-29,"Eastern Brook","Zooplankton","Daphnia",30,"cladocera",3155,13.1,0.4,6.9,67.3,20,15.5,3.1,217.44,32.97,"Above"
"137_16S","137_16S","MP_137_16S","21_Z",2926,"2",2022-06-29,"Blue","Zooplankton","Daphnia",30,"cladocera",3005,14.8,0.42,7.04,82.1,98.7,79.4,0.9,264.74,149.54,"Above"
"138_16S","138_16S","MP_138_16S","96_Z",1887,"3",2022-07-21,"Cooney","Zooplankton","Calanoid",50,"copepoda",3116,16.7,0.43,8.61,76.8,112.9,95,1,84.23,369.04,"Above"
"139_16S","139_16S","MP_139_16S","58_Z22",4286,"1",2022-06-29,"Blue","Zooplankton","Daphnia",30,"cladocera",3005,12.8,0.34,7.97,73.8,97.5,74.7,0.8,137.16,22.6,"Above"
"14_16S","14_16S","MP_14_16S","94_Z",6635,"3",2022-07-21,"Cooney","Zooplankton","Cyclopoid",50,"copepoda",3116,16.7,0.43,8.61,76.8,112.9,95,1,84.23,369.04,"Above"
"140_16S","140_16S","MP_140_16S","81_Z",468,"3",2022-07-21,"Convict","Zooplankton","Daphnia",30,"cladocera",2315,18.2,0.2,8.34,76.7,164.8,143.5,0.8,103.23,204.95,"Below"
"141_16S","141_16S","MP_141_16S","34_Z",5038,"2",2022-07-09,"Virginia","Zooplankton","Daphnia",30,"cladocera",2983,16.1,0.58,7.32,80.5,91.6,76.1,1.1,872.79,NA,"Above"
"143_16S","143_16S","MP_143_16S","6_Z22",2726,"1",2022-06-29,"Convict","Zooplankton","Daphnia",20,"cladocera",2315,13.8,0.26,5.87,81.6,166,130.3,0.6,NA,NA,"Below"
"144_16S","144_16S","MP_144_16S","107_Z",3739,"3",2022-07-21,"Eastern Brook","Zooplankton","Calanoid",50,"copepoda",3155,18.9,1.05,8.56,74.2,21,18.5,3.45,202.99,101.86,"Above"
"145_16S","145_16S","MP_145_16S","82_Z",513,"3",2022-07-21,"Convict","Zooplankton","Daphnia",30,"cladocera",2315,18.2,0.2,8.34,76.7,164.8,143.5,0.8,103.23,204.95,"Below"
"146_16S","146_16S","MP_146_16S","23_Z",1468,"2",2022-06-29,"Blue","Zooplankton","Cyclopoid",50,"copepoda",3005,14.8,0.42,7.04,82.1,98.7,79.4,0.9,264.74,149.54,"Above"
"147_16S","147_16S","MP_147_16S","58_Z",1501,"3",2022-06-29,"Blue","Zooplankton","Daphnia",30,"cladocera",3005,17,0.22,8.48,81.3,100.2,84.9,0.9,79.48,6.19,"Above"
"15_16S","15_16S","MP_15_16S","22_Z22",1419,"1",2022-06-29,"Eastern Brook","Zooplankton","Calanoid",50,"copepoda",3155,13.1,0.4,6.9,67.3,20,15.5,3.1,217.44,32.97,"Above"
"150_16S","150_16S","MP_150_16S","46_Z",2054,"2",2022-07-09,"Cooney","Zooplankton","Cyclopoid",17,"copepoda",3116,14.3,0.3,6.94,77.5,109.6,87.1,1,74.73,9.29,"Above"
"151_16S","151_16S","MP_151_16S","19_Z",1583,"2",2022-06-29,"Blue","Zooplankton","Daphnia",30,"cladocera",3005,14.8,0.42,7.04,82.1,98.7,79.4,0.9,264.74,149.54,"Above"
"152_16S","152_16S","MP_152_16S","126_Z",163,"3",2022-07-21,"Serene","Zooplankton","Ceriodaphnia",50,"cladocera",3124,19.7,1.12,8.36,71.9,18.5,16.6,3.1,302.75,48.61,"Above"
"153_16S","153_16S","MP_153_16S","11_Z22",652,"1",2022-06-29,"Eastern Brook","Zooplankton","Daphnia",30,"cladocera",3155,13.1,0.4,6.9,67.3,20,15.5,3.1,217.44,32.97,"Above"
"156_16S","156_16S","MP_156_16S","60_Z22",3458,"1",2022-06-29,"Blue","Zooplankton","Daphnia",30,"cladocera",3005,12.8,0.34,7.97,73.8,97.5,74.7,0.8,137.16,22.6,"Above"
"157_16S","157_16S","MP_157_16S","43_Z",4743,"2",2022-07-09,"Cooney","Zooplankton","Daphnia",30,"cladocera",3116,14.3,0.3,6.94,77.5,109.6,87.1,1,74.73,9.29,"Above"
"158_16S","158_16S","MP_158_16S","114_Z",1028,"3",2022-07-21,"Serene","Zooplankton","Calanoid",50,"copepoda",3124,19.7,1.12,8.36,71.9,18.5,16.6,3.1,302.75,48.61,"Above"
"159_16S","159_16S","MP_159_16S","129_Z",601,"4",2022-08-04,"Virginia","Zooplankton","Daphnia",30,"cladocera",2983,17.7,0.34,8.61,77.4,102.1,87.8,66.6,3228.98,4.02,"Above"
"160_16S","160_16S","MP_160_16S","60_Z",806,"3",2022-06-29,"Blue","Zooplankton","Daphnia",30,"cladocera",3005,17,0.22,8.48,81.3,100.2,84.9,0.9,79.48,6.19,"Above"
"161_16S","161_16S","MP_161_16S","42_Z",3528,"2",2022-07-09,"Cooney","Zooplankton","Daphnia",30,"cladocera",3116,14.3,0.3,6.94,77.5,109.6,87.1,1,74.73,9.29,"Above"
"162_16S","162_16S","MP_162_16S","20_Z",170,"2",2022-06-29,"Blue","Zooplankton","Daphnia",30,"cladocera",3005,14.8,0.42,7.04,82.1,98.7,79.4,0.9,264.74,149.54,"Above"
"163_16S","163_16S","MP_163_16S","108_Z",2518,"3",2022-07-21,"Eastern Brook","Zooplankton","Cyclopoid",50,"copepoda",3155,18.9,1.05,8.56,74.2,21,18.5,3.45,202.99,101.86,"Above"
"166_16S","166_16S","MP_166_16S","35_Z",136,"2",2022-07-09,"Virginia","Zooplankton","Daphnia",30,"cladocera",2983,16.1,0.58,7.32,80.5,91.6,76.1,1.1,872.79,NA,"Above"
"167_16S","167_16S","MP_167_16S","103_Z",221,"3",2022-07-21,"Eastern Brook","Zooplankton","Daphnia",30,"cladocera",3155,18.9,1.05,8.56,74.2,21,18.5,3.45,202.99,101.86,"Above"
"168_16S","168_16S","MP_168_16S","122_Z",308,"3",2022-07-21,"Serene","Zooplankton","Holopedium",10,"cladocera",3124,19.7,1.12,8.36,71.9,18.5,16.6,3.1,302.75,48.61,"Above"
"169_16S","169_16S","MP_169_16S","12_Z",1781,"2",2022-07-09,"Serene","Zooplankton","Ceriodaphnia",50,"cladocera",3124,16.8,1.39,8.65,70,17.8,15,3,697.03,4102.48,"Above"
"17_16S","17_16S","MP_17_16S","56_Z",18335,"2",2022-07-09,"Cooney","Zooplankton","Calanoid",27,"copepoda",3116,14.3,0.3,6.94,77.5,109.6,87.1,1,74.73,9.29,"Above"
"170_16S","170_16S","MP_170_16S","88_Z",5132,"3",2022-07-21,"Cooney","Zooplankton","Daphnia",30,"cladocera",3116,16.7,0.43,8.61,76.8,112.9,95,1,84.23,369.04,"Above"
"171_16S","171_16S","MP_171_16S","33_Z",2145,"2",2022-07-09,"Virginia","Zooplankton","Daphnia",30,"cladocera",2983,16.1,0.58,7.32,80.5,91.6,76.1,1.1,872.79,NA,"Above"
"172_16S","172_16S","MP_172_16S","120_Z",1882,"3",2022-07-21,"Serene","Zooplankton","Daphnia",30,"cladocera",3124,19.7,1.12,8.36,71.9,18.5,16.6,3.1,302.75,48.61,"Above"
"174_16S","174_16S","MP_174_16S","7_Z22",266,"1",2022-06-29,"Convict","Zooplankton","Daphnia",20,"cladocera",2315,13.8,0.26,5.87,81.6,166,130.3,0.6,NA,NA,"Below"
"175_16S","175_16S","MP_175_16S","123_Z",614,"3",2022-07-21,"Serene","Zooplankton","Holopedium",10,"cladocera",3124,19.7,1.12,8.36,71.9,18.5,16.6,3.1,302.75,48.61,"Above"
"176_16S","176_16S","MP_176_16S","24_Z",3156,"2",2022-06-29,"Blue","Zooplankton","Cyclopoid",50,"copepoda",3005,14.8,0.42,7.04,82.1,98.7,79.4,0.9,264.74,149.54,"Above"
"177_16S","177_16S","MP_177_16S","80_Z",3628,"3",2022-07-21,"Convict","Zooplankton","Daphnia",30,"cladocera",2315,18.2,0.2,8.34,76.7,164.8,143.5,0.8,103.23,204.95,"Below"
"179_16S","179_16S","MP_179_16S","68_Z",1503,"3",2022-07-21,"Virginia","Zooplankton","Daphnia",30,"cladocera",2983,18.7,0.35,8.48,81.4,93,81.9,1.1,217.24,7.74,"Above"
"18_16S","18_16S","MP_18_16S","5_Z22",2708,"1",2022-06-29,"Convict","Zooplankton","Calanoid",50,"copepoda",2315,13.8,0.26,5.87,81.6,166,130.3,0.6,NA,NA,"Below"
"180_16S","180_16S","MP_180_16S","104_Z",9365,"3",2022-07-21,"Eastern Brook","Zooplankton","Calanoid",50,"copepoda",3155,18.9,1.05,8.56,74.2,21,18.5,3.45,202.99,101.86,"Above"
"181_16S","181_16S","MP_181_16S","14_Z",985,"2",2022-07-09,"Eastern Brook","Zooplankton","Daphnia",30,"cladocera",3155,16,0.93,8.6,73.8,20.6,17,3.4,409.63,13.62,"Above"
"182_16S","182_16S","MP_182_16S","109_Z",12094,"3",2022-07-21,"Eastern Brook","Zooplankton","Cyclopoid",50,"copepoda",3155,18.9,1.05,8.56,74.2,21,18.5,3.45,202.99,101.86,"Above"
"183_16S","183_16S","MP_183_16S","91_Z",10272,"3",2022-07-21,"Cooney","Zooplankton","Daphnia",30,"cladocera",3116,16.7,0.43,8.61,76.8,112.9,95,1,84.23,369.04,"Above"
"184_16S","184_16S","MP_184_16S","99_Z",196,"3",2022-07-21,"Cooney","Zooplankton","Bosmina",50,"cladocera",3116,16.7,0.43,8.61,76.8,112.9,95,1,84.23,369.04,"Above"
"186_16S","186_16S","MP_186_16S","50_Z",5526,"5",2022-06-29,"Blue","Zooplankton","Daphnia",30,"cladocera",3005,18.5,0.55,7.93,73.1,115.1,93.6,1.1,NA,NA,"Above"
"187_16S","187_16S","MP_187_16S","128_Z",300,"3",2022-07-21,"Serene","Zooplankton","Ceriodaphnia",50,"cladocera",3124,19.7,1.12,8.36,71.9,18.5,16.6,3.1,302.75,48.61,"Above"
"188_16S","188_16S","MP_188_16S","115_Z",11282,"3",2022-07-21,"Serene","Zooplankton","Calanoid",50,"copepoda",3124,19.7,1.12,8.36,71.9,18.5,16.6,3.1,302.75,48.61,"Above"
"189_16S","189_16S","MP_189_16S","66_Z",108,"3",2022-07-21,"Virginia","Zooplankton","Daphnia",30,"cladocera",2983,18.7,0.35,8.48,81.4,93,81.9,1.1,217.24,7.74,"Above"
"190_16S","190_16S","MP_190_16S","105_Z",12758,"3",2022-07-21,"Eastern Brook","Zooplankton","Calanoid",50,"copepoda",3155,18.9,1.05,8.56,74.2,21,18.5,3.45,202.99,101.86,"Above"
"191_16S","191_16S","MP_191_16S","89_Z",2645,"3",2022-07-21,"Cooney","Zooplankton","Daphnia",30,"cladocera",3116,16.7,0.43,8.61,76.8,112.9,95,1,84.23,369.04,"Above"
"192_16S","192_16S","MP_192_16S","36_Z",15707,"2",2022-07-09,"Virginia","Zooplankton","Daphnia",30,"cladocera",2983,16.1,0.58,7.32,80.5,91.6,76.1,1.1,872.79,NA,"Above"
"193_16S","193_16S","MP_193_16S","176_Z",10787,"4",2022-08-04,"Eastern Brook","Zooplankton","Daphnia",30,"cladocera",3155,16,1.59,7.7,67.2,23,19,3.1,259.99,6.81,"Above"
"194_16S","194_16S","MP_194_16S","162_Z",3620,"4",2022-08-04,"Convict","Zooplankton","Calanoid",50,"copepoda",2315,18.4,0.81,8.48,78.9,178.5,156,51.9,NA,4.02,"Below"
"195_16S","195_16S","MP_195_16S","134_Z",29036,"4",2022-08-04,"Virginia","Zooplankton","Cyclopoid",50,"copepoda",2983,17.7,0.34,8.61,77.4,102.1,87.8,66.6,3228.98,4.02,"Above"
"196_16S","196_16S","MP_196_16S","186_Z",68618,"4",2022-08-04,"Serene","Zooplankton","Calanoid",50,"copepoda",3124,16.9,1.55,7.94,69.2,20.1,17,3,188.74,6.19,"Above"
"197_16S","197_16S","MP_197_16S","172_Z",60756,"4",2022-08-04,"Cooney","Zooplankton","Cyclopoid",50,"copepoda",3116,16.2,0.87,7.77,74.5,126.8,105.5,99.2,5982.29,7.43,"Above"
"198_16S","198_16S","MP_198_16S","150_Z",18575,"4",2022-06-29,"Blue","Zooplankton","Cyclopoid",50,"copepoda",3005,16.3,0.02,7.99,75.6,110.7,92.3,1.9,100.86,3.41,"Above"
"20_16S","20_16S","MP_20_16S","57_Z22",1801,"1",2022-06-29,"Blue","Zooplankton","Daphnia",30,"cladocera",3005,12.8,0.34,7.97,73.8,97.5,74.7,0.8,137.16,22.6,"Above"
"200_16S","200_16S","MP_200_16S","184_Z",42190,"4",2022-08-04,"Serene","Zooplankton","Calanoid",50,"copepoda",3124,16.9,1.55,7.94,69.2,20.1,17,3,188.74,6.19,"Above"
"201_16S","201_16S","MP_201_16S","153_Z",778,"4",2022-08-04,"Convict","Zooplankton","Bosmina",50,"cladocera",2315,18.4,0.81,8.48,78.9,178.5,156,51.9,NA,4.02,"Below"
"202_16S","202_16S","MP_202_16S","130_Z",5568,"4",2022-08-04,"Virginia","Zooplankton","Daphnia",30,"cladocera",2983,17.7,0.34,8.61,77.4,102.1,87.8,66.6,3228.98,4.02,"Above"
"203_16S","203_16S","MP_203_16S","142_Z",7068,"4",2022-06-29,"Blue","Zooplankton","Daphnia",30,"cladocera",3005,16.3,0.02,7.99,75.6,110.7,92.3,1.9,100.86,3.41,"Above"
"204_16S","204_16S","MP_204_16S","197_Z",5163,"4",2022-08-04,"Serene","Zooplankton","Holopedium",10,"cladocera",3124,16.9,1.55,7.94,69.2,20.1,17,3,188.74,6.19,"Above"
"205_16S","205_16S","MP_205_16S","190_Z",14483,"4",2022-08-04,"Serene","Zooplankton","Daphnia",30,"cladocera",3124,16.9,1.55,7.94,69.2,20.1,17,3,188.74,6.19,"Above"
"206_16S","206_16S","MP_206_16S","135_Z",25681,"4",2022-08-04,"Virginia","Zooplankton","Cyclopoid",50,"copepoda",2983,17.7,0.34,8.61,77.4,102.1,87.8,66.6,3228.98,4.02,"Above"
"207_16S","207_16S","MP_207_16S","168_Z",6520,"4",2022-08-04,"Cooney","Zooplankton","Calanoid",50,"copepoda",3116,16.2,0.87,7.77,74.5,126.8,105.5,99.2,5982.29,7.43,"Above"
"209_16S","209_16S","MP_209_16S","173_Z",12200,"4",2022-08-04,"Cooney","Zooplankton","Cyclopoid",50,"copepoda",3116,16.2,0.87,7.77,74.5,126.8,105.5,99.2,5982.29,7.43,"Above"
"21_16S","21_16S","MP_21_16S","57_Z",32863,"2",2022-07-09,"Cooney","Zooplankton","Cyclopoid",50,"copepoda",3116,14.3,0.3,6.94,77.5,109.6,87.1,1,74.73,9.29,"Above"
"210_16S","210_16S","MP_210_16S","209_Z",4412,"5",2022-06-29,"Blue","Zooplankton","Calanoid",50,"copepoda",3005,18.5,0.55,7.93,73.1,115.1,93.6,1.1,NA,NA,"Above"
"211_16S","211_16S","MP_211_16S","136_Z",18342,"4",2022-08-04,"Virginia","Zooplankton","Cyclopoid",50,"copepoda",2983,17.7,0.34,8.61,77.4,102.1,87.8,66.6,3228.98,4.02,"Above"
"212_16S","212_16S","MP_212_16S","181_Z",30976,"4",2022-08-04,"Eastern Brook","Zooplankton","Cyclopoid",50,"copepoda",3155,16,1.59,7.7,67.2,23,19,3.1,259.99,6.81,"Above"
"213_16S","213_16S","MP_213_16S","154_Z",8279,"4",2022-08-04,"Convict","Zooplankton","Daphnia",30,"cladocera",2315,18.4,0.81,8.48,78.9,178.5,156,51.9,NA,4.02,"Below"
"214_16S","214_16S","MP_214_16S","137_Z",2668,"4",2022-08-04,"Virginia","Zooplankton","Calanoid",50,"copepoda",2983,17.7,0.34,8.61,77.4,102.1,87.8,66.6,3228.98,4.02,"Above"
"215_16S","215_16S","MP_215_16S","152_Z",116,"4",2022-08-04,"Convict","Zooplankton","Bosmina",50,"cladocera",2315,18.4,0.81,8.48,78.9,178.5,156,51.9,NA,4.02,"Below"
"216_16S","216_16S","MP_216_16S","203_Z",18262,"5",2022-08-22,"Cooney","Zooplankton","Cyclopoid",50,"copepoda",3116,17.9,0,8.07,69.8,177.3,139.8,31.3,NA,NA,"Above"
"218_16S","218_16S","MP_218_16S","194_Z",1034,"4",2022-08-04,"Serene","Zooplankton","Holopedium",10,"cladocera",3124,16.9,1.55,7.94,69.2,20.1,17,3,188.74,6.19,"Above"
"219_16S","219_16S","MP_219_16S","166_Z",59557,"4",2022-08-04,"Cooney","Zooplankton","Daphnia",30,"cladocera",3116,16.2,0.87,7.77,74.5,126.8,105.5,99.2,5982.29,7.43,"Above"
"22_16S","22_16S","MP_22_16S","46_Z22",5216,"1",2022-06-29,"Virginia","Zooplankton","Cyclopoid",50,"copepoda",2983,14.5,0.67,7.88,76,90.3,72.2,0.8,165.18,4.95,"Above"
"220_16S","220_16S","MP_220_16S","205_Z",8135,"5",2022-08-22,"Cooney","Zooplankton","Cyclopoid",50,"copepoda",3116,17.9,0,8.07,69.8,177.3,139.8,31.3,NA,NA,"Above"
"221_16S","221_16S","MP_221_16S","145_Z",3606,"4",2022-06-29,"Blue","Zooplankton","Calanoid",50,"copepoda",3005,16.3,0.02,7.99,75.6,110.7,92.3,1.9,100.86,3.41,"Above"
"222_16S","222_16S","MP_222_16S","164_Z",3817,"4",2022-08-04,"Cooney","Zooplankton","Daphnia",30,"cladocera",3116,16.2,0.87,7.77,74.5,126.8,105.5,99.2,5982.29,7.43,"Above"
"223_16S","223_16S","MP_223_16S","216_Z",1370,"5",2022-08-22,"Virginia","Zooplankton","Daphnia",30,"cladocera",2983,19.5,0.83,8.48,75.6,105.4,87.9,7.75,NA,NA,"Above"
"224_16S","224_16S","MP_224_16S","160_Z",765,"4",2022-08-04,"Convict","Zooplankton","Cyclopoid",50,"copepoda",2315,18.4,0.81,8.48,78.9,178.5,156,51.9,NA,4.02,"Below"
"225_16S","225_16S","MP_225_16S","178_Z",13550,"4",2022-08-04,"Eastern Brook","Zooplankton","Cyclopoid",50,"copepoda",3155,16,1.59,7.7,67.2,23,19,3.1,259.99,6.81,"Above"
"226_16S","226_16S","MP_226_16S","144_Z",1749,"4",2022-06-29,"Blue","Zooplankton","Calanoid",50,"copepoda",3005,16.3,0.02,7.99,75.6,110.7,92.3,1.9,100.86,3.41,"Above"
"227_16S","227_16S","MP_227_16S","219_Z",3993,"5",2022-08-22,"Virginia","Zooplankton","Daphnia",30,"cladocera",2983,19.5,0.83,8.48,75.6,105.4,87.9,7.75,NA,NA,"Above"
"228_16S","228_16S","MP_228_16S","170_Z",723,"4",2022-08-04,"Cooney","Zooplankton","Calanoid",50,"copepoda",3116,16.2,0.87,7.77,74.5,126.8,105.5,99.2,5982.29,7.43,"Above"
"229_16S","229_16S","MP_229_16S","185_Z",16386,"4",2022-08-04,"Serene","Zooplankton","Calanoid",50,"copepoda",3124,16.9,1.55,7.94,69.2,20.1,17,3,188.74,6.19,"Above"
"23_16S","23_16S","MP_23_16S","37_Z22",1892,"1",2022-06-29,"Virginia","Zooplankton","Daphnia",30,"cladocera",2983,14.5,0.67,7.88,76,90.3,72.2,0.8,165.18,4.95,"Above"
"230_16S","230_16S","MP_230_16S","221_Z",9385,"5",2022-08-22,"Virginia","Zooplankton","Cyclopoid",50,"copepoda",2983,19.5,0.83,8.48,75.6,105.4,87.9,7.75,NA,NA,"Above"
"231_16S","231_16S","MP_231_16S","174_Z",10859,"4",2022-08-04,"Eastern Brook","Zooplankton","Daphnia",30,"cladocera",3155,16,1.59,7.7,67.2,23,19,3.1,259.99,6.81,"Above"
"232_16S","232_16S","MP_232_16S","201_Z",3682,"5",2022-08-22,"Cooney","Zooplankton","Daphnia",30,"cladocera",3116,17.9,0,8.07,69.8,177.3,139.8,31.3,NA,NA,"Above"
"233_16S","233_16S","MP_233_16S","148_Z",10727,"4",2022-06-29,"Blue","Zooplankton","Cyclopoid",50,"copepoda",3005,16.3,0.02,7.99,75.6,110.7,92.3,1.9,100.86,3.41,"Above"
"234_16S","234_16S","MP_234_16S","215_Z",740,"5",2022-08-22,"Virginia","Zooplankton","Daphnia",30,"cladocera",2983,19.5,0.83,8.48,75.6,105.4,87.9,7.75,NA,NA,"Above"
"235_16S","235_16S","MP_235_16S","133_Z",6818,"4",2022-08-04,"Virginia","Zooplankton","Cyclopoid",50,"copepoda",2983,17.7,0.34,8.61,77.4,102.1,87.8,66.6,3228.98,4.02,"Above"
"236_16S","236_16S","MP_236_16S","193_Z",117,"4",2022-08-04,"Serene","Zooplankton","Bosmina",50,"cladocera",3124,16.9,1.55,7.94,69.2,20.1,17,3,188.74,6.19,"Above"
"237_16S","237_16S","MP_237_16S","217_Z",707,"5",2022-08-22,"Virginia","Zooplankton","Daphnia",30,"cladocera",2983,19.5,0.83,8.48,75.6,105.4,87.9,7.75,NA,NA,"Above"
"238_16S","238_16S","MP_238_16S","158_Z",1280,"4",2022-08-04,"Convict","Zooplankton","Cyclopoid",50,"copepoda",2315,18.4,0.81,8.48,78.9,178.5,156,51.9,NA,4.02,"Below"
"239_16S","239_16S","MP_239_16S","207_Z",1418,"5",2022-06-29,"Blue","Zooplankton","Calanoid",50,"copepoda",3005,18.5,0.55,7.93,73.1,115.1,93.6,1.1,NA,NA,"Above"
"24_16S","24_16S","MP_24_16S","55_Z",50807,"2",2022-07-09,"Cooney","Zooplankton","Calanoid",50,"copepoda",3116,14.3,0.3,6.94,77.5,109.6,87.1,1,74.73,9.29,"Above"
"240_16S","240_16S","MP_240_16S","188_Z",26481,"4",2022-08-04,"Serene","Zooplankton","Daphnia",30,"cladocera",3124,16.9,1.55,7.94,69.2,20.1,17,3,188.74,6.19,"Above"
"241_16S","241_16S","MP_241_16S","138_Z",427,"4",2022-08-04,"Virginia","Zooplankton","Calanoid",50,"copepoda",2983,17.7,0.34,8.61,77.4,102.1,87.8,66.6,3228.98,4.02,"Above"
"242_16S","242_16S","MP_242_16S","155_Z",1612,"4",2022-08-04,"Convict","Zooplankton","Daphnia",30,"cladocera",2315,18.4,0.81,8.48,78.9,178.5,156,51.9,NA,4.02,"Below"
"244_16S","244_16S","MP_244_16S","167_Z",12285,"4",2022-08-04,"Convict","Zooplankton","Daphnia",30,"cladocera",2315,18.4,0.81,8.48,78.9,178.5,156,51.9,NA,4.02,"Below"
"246_16S","246_16S","MP_246_16S","147_Z",6305,"4",2022-06-29,"Blue","Zooplankton","Calanoid",50,"copepoda",3005,16.3,0.02,7.99,75.6,110.7,92.3,1.9,100.86,3.41,"Above"
"247_16S","247_16S","MP_247_16S","218_Z",2433,"5",2022-08-22,"Virginia","Zooplankton","Daphnia",30,"cladocera",2983,19.5,0.83,8.48,75.6,105.4,87.9,7.75,NA,NA,"Above"
"248_16S","248_16S","MP_248_16S","195_Z",1267,"4",2022-08-04,"Serene","Zooplankton","Holopedium",10,"cladocera",3124,16.9,1.55,7.94,69.2,20.1,17,3,188.74,6.19,"Above"
"249_16S","249_16S","MP_249_16S","161_Z",2785,"4",2022-08-04,"Convict","Zooplankton","Cyclopoid",50,"copepoda",2315,18.4,0.81,8.48,78.9,178.5,156,51.9,NA,4.02,"Below"
"25_16S","25_16S","MP_25_16S","16_Z",2897,"2",2022-07-09,"Serene","Zooplankton","Calanoid",50,"copepoda",3124,16.8,1.39,8.65,70,17.8,15,3,697.03,4102.48,"Above"
"250_16S","250_16S","MP_250_16S","198_Z",2858,"5",2022-08-22,"Cooney","Zooplankton","Daphnia",30,"cladocera",3116,17.9,0,8.07,69.8,177.3,139.8,31.3,NA,NA,"Above"
"251_16S","251_16S","MP_251_16S","180_Z",12337,"4",2022-08-04,"Eastern Brook","Zooplankton","Cyclopoid",50,"copepoda",3155,16,1.59,7.7,67.2,23,19,3.1,259.99,6.81,"Above"
"252_16S","252_16S","MP_252_16S","146_Z",13861,"4",2022-06-29,"Blue","Zooplankton","Calanoid",50,"copepoda",3005,16.3,0.02,7.99,75.6,110.7,92.3,1.9,100.86,3.41,"Above"
"253_16S","253_16S","MP_253_16S","187_Z",17343,"4",2022-08-04,"Serene","Zooplankton","Calanoid",50,"copepoda",3124,16.9,1.55,7.94,69.2,20.1,17,3,188.74,6.19,"Above"
"254_16S","254_16S","MP_254_16S","140_Z",7533,"4",2022-06-29,"Blue","Zooplankton","Daphnia",30,"cladocera",3005,16.3,0.02,7.99,75.6,110.7,92.3,1.9,100.86,3.41,"Above"
"255_16S","255_16S","MP_255_16S","202_Z",11543,"5",2022-08-22,"Cooney","Zooplankton","Cyclopoid",50,"copepoda",3116,17.9,0,8.07,69.8,177.3,139.8,31.3,NA,NA,"Above"
"256_16S","256_16S","MP_256_16S","151_Z",7263,"4",2022-06-29,"Blue","Zooplankton","Cyclopoid",35,"copepoda",3005,16.3,0.02,7.99,75.6,110.7,92.3,1.9,100.86,3.41,"Above"
"257_16S","257_16S","MP_257_16S","204_Z",5189,"5",2022-08-22,"Cooney","Zooplankton","Cyclopoid",50,"copepoda",3116,17.9,0,8.07,69.8,177.3,139.8,31.3,NA,NA,"Above"
"258_16S","258_16S","MP_258_16S","165_Z",6423,"4",2022-08-04,"Cooney","Zooplankton","Daphnia",30,"cladocera",3116,16.2,0.87,7.77,74.5,126.8,105.5,99.2,5982.29,7.43,"Above"
"259_16S","259_16S","MP_259_16S","191_Z",4643,"4",2022-08-04,"Serene","Zooplankton","Daphnia",30,"cladocera",3124,16.9,1.55,7.94,69.2,20.1,17,3,188.74,6.19,"Above"
"26_16S","26_16S","MP_26_16S","44_Z",55914,"2",2022-07-09,"Cooney","Zooplankton","Calanoid",50,"copepoda",3116,14.3,0.3,6.94,77.5,109.6,87.1,1,74.73,9.29,"Above"
"261_16S","261_16S","MP_261_16S","177_Z",3550,"4",2022-08-04,"Eastern Brook","Zooplankton","Daphnia",30,"cladocera",3155,16,1.59,7.7,67.2,23,19,3.1,259.99,6.81,"Above"
"262_16S","262_16S","MP_262_16S","131_Z",3825,"4",2022-08-04,"Virginia","Zooplankton","Daphnia",30,"cladocera",2983,17.7,0.34,8.61,77.4,102.1,87.8,66.6,3228.98,4.02,"Above"
"263_16S","263_16S","MP_263_16S","182_Z",5574,"4",2022-08-04,"Eastern Brook","Zooplankton","Calanoid",50,"copepoda",3155,16,1.59,7.7,67.2,23,19,3.1,259.99,6.81,"Above"
"264_16S","264_16S","MP_264_16S","211_Z",5658,"5",2022-06-29,"Blue","Zooplankton","Daphnia",30,"cladocera",3005,18.5,0.55,7.93,73.1,115.1,93.6,1.1,NA,NA,"Above"
"265_16S","265_16S","MP_265_16S","169_Z",722,"4",2022-08-04,"Cooney","Zooplankton","Calanoid",50,"copepoda",3116,16.2,0.87,7.77,74.5,126.8,105.5,99.2,5982.29,7.43,"Above"
"266_16S","266_16S","MP_266_16S","213_Z",1575,"5",2022-06-29,"Blue","Zooplankton","Daphnia",30,"cladocera",3005,18.5,0.55,7.93,73.1,115.1,93.6,1.1,NA,NA,"Above"
"267_16S","267_16S","MP_267_16S","149_Z",4779,"4",2022-06-29,"Blue","Zooplankton","Cyclopoid",50,"copepoda",3005,16.3,0.02,7.99,75.6,110.7,92.3,1.9,100.86,3.41,"Above"
"268_16S","268_16S","MP_268_16S","220_Z",16354,"5",2022-08-22,"Virginia","Zooplankton","Cyclopoid",50,"copepoda",2983,19.5,0.83,8.48,75.6,105.4,87.9,7.75,NA,NA,"Above"
"269_16S","269_16S","MP_269_16S","189_Z",2931,"4",2022-08-04,"Serene","Zooplankton","Daphnia",30,"cladocera",3124,16.9,1.55,7.94,69.2,20.1,17,3,188.74,6.19,"Above"
"27_16S","27_16S","MP_27_16S","64_Z",1712,"3",2022-06-29,"Blue","Zooplankton","Cyclopoid",50,"copepoda",3005,17,0.22,8.48,81.3,100.2,84.9,0.9,79.48,6.19,"Above"
"270_16S","270_16S","MP_270_16S","156_Z",2557,"4",2022-08-04,"Convict","Zooplankton","Daphnia",30,"cladocera",2315,18.4,0.81,8.48,78.9,178.5,156,51.9,NA,4.02,"Below"
"271_16S","271_16S","MP_271_16S","206_Z",2499,"5",2022-06-29,"Blue","Zooplankton","Calanoid",50,"copepoda",3005,18.5,0.55,7.93,73.1,115.1,93.6,1.1,NA,NA,"Above"
"272_16S","272_16S","MP_272_16S","132_Z",2321,"4",2022-08-04,"Virginia","Zooplankton","Daphnia",30,"cladocera",2983,17.7,0.34,8.61,77.4,102.1,87.8,66.6,3228.98,4.02,"Above"
"273_16S","273_16S","MP_273_16S","139_Z",1034,"4",2022-08-04,"Virginia","Zooplankton","Calanoid",50,"copepoda",2983,17.7,0.34,8.61,77.4,102.1,87.8,66.6,3228.98,4.02,"Above"
"274_16S","274_16S","MP_274_16S","199_Z",2897,"5",2022-08-22,"Cooney","Zooplankton","Daphnia",30,"cladocera",3116,17.9,0,8.07,69.8,177.3,139.8,31.3,NA,NA,"Above"
"275_16S","275_16S","MP_275_16S","159_Z",878,"4",2022-08-04,"Convict","Zooplankton","Cyclopoid",50,"copepoda",2315,18.4,0.81,8.48,78.9,178.5,156,51.9,NA,4.02,"Below"
"276_16S","276_16S","MP_276_16S","208_Z",2524,"5",2022-06-29,"Blue","Zooplankton","Calanoid",50,"copepoda",3005,18.5,0.55,7.93,73.1,115.1,93.6,1.1,NA,NA,"Above"
"277_16S","277_16S","MP_277_16S","200_Z",2850,"5",2022-08-22,"Cooney","Zooplankton","Daphnia",30,"cladocera",3116,17.9,0,8.07,69.8,177.3,139.8,31.3,NA,NA,"Above"
"278_16S","278_16S","MP_278_16S","214_Z",1691,"5",2022-06-29,"Blue","Zooplankton","Daphnia",30,"cladocera",3005,18.5,0.55,7.93,73.1,115.1,93.6,1.1,NA,NA,"Above"
"279_16S","279_16S","MP_279_16S","171_Z",2407,"4",2022-08-04,"Cooney","Zooplankton","Calanoid",50,"copepoda",3116,16.2,0.87,7.77,74.5,126.8,105.5,99.2,5982.29,7.43,"Above"
"28_16S","28_16S","MP_28_16S","26_Z22",672,"1",2022-06-29,"Cooney","Zooplankton","Cyclopoid",48,"copepoda",3116,12.6,0.45,7.96,80.5,106.9,81.7,0.7,269.97,57.28,"Above"
"280_16S","280_16S","MP_280_16S","210_Z",21021,"5",2022-06-29,"Blue","Zooplankton","Cyclopoid",50,"copepoda",3005,18.5,0.55,7.93,73.1,115.1,93.6,1.1,NA,NA,"Above"
"281_16S","281_16S","MP_281_16S","157_Z",8239,"4",2022-08-04,"Convict","Zooplankton","Daphnia",30,"cladocera",2315,18.4,0.81,8.48,78.9,178.5,156,51.9,NA,4.02,"Below"
"282_16S","282_16S","MP_282_16S","212_Z",3933,"5",2022-06-29,"Blue","Zooplankton","Daphnia",30,"cladocera",3005,18.5,0.55,7.93,73.1,115.1,93.6,1.1,NA,NA,"Above"
"283_16S","283_16S","MP_283_16S","179_Z",12040,"4",2022-08-04,"Eastern Brook","Zooplankton","Cyclopoid",50,"copepoda",3155,16,1.59,7.7,67.2,23,19,3.1,259.99,6.81,"Above"
"284_16S","284_16S","MP_284_16S","196_Z",7677,"4",2022-08-04,"Serene","Zooplankton","Holopedium",10,"cladocera",3124,16.9,1.55,7.94,69.2,20.1,17,3,188.74,6.19,"Above"
"285_16S","285_16S","MP_285_16S","163_Z",2507,"4",2022-08-04,"Convict","Zooplankton","Calanoid",50,"copepoda",2315,18.4,0.81,8.48,78.9,178.5,156,51.9,NA,4.02,"Below"
"286_16S","286_16S","MP_286_16S","192_Z",252,"4",2022-08-04,"Serene","Zooplankton","Bosmina",50,"cladocera",3124,16.9,1.55,7.94,69.2,20.1,17,3,188.74,6.19,"Above"
"287_16S","287_16S","MP_287_16S","141_Z",13152,"4",2022-06-29,"Blue","Zooplankton","Daphnia",30,"cladocera",3005,16.3,0.02,7.99,75.6,110.7,92.3,1.9,100.86,3.41,"Above"
"288_16S","288_16S","MP_288_16S","183_Z",9027,"4",2022-08-04,"Eastern Brook","Zooplankton","Calanoid",50,"copepoda",3155,16,1.59,7.7,67.2,23,19,3.1,259.99,6.81,"Above"
"289_16S","289_16S","MP_289_16S","27_Z",724,"2",2022-07-09,"Convict","Zooplankton","Calanoid",50,"copepoda",2315,15.3,0.28,7.14,84.5,163.2,137.2,1.1,NA,4.33,"Below"
"290_16S","290_16S","MP_290_16S","39_W",75731,"4",2022-08-04,"Serene","Water","Water",NA,"water",3124,16.9,1.55,7.94,69.2,20.1,17,3,188.74,6.19,"Above"
"291_16S","291_16S","MP_291_16S","1_Z",280,"2",2022-07-09,"Eastern Brook","Zooplankton","Daphnia",30,"cladocera",3155,16,0.93,8.6,73.8,20.6,17,3.4,409.63,13.62,"Above"
"292_16S","292_16S","MP_292_16S","38_W",160624,"4",2022-08-04,"Eastern Brook","Water","Water",NA,"water",3155,16,1.59,7.7,67.2,23,19,3.1,259.99,6.81,"Above"
"293_16S","293_16S","MP_293_16S","13_Z",4451,"2",2022-07-09,"Serene","Zooplankton","Ceriodaphnia",50,"cladocera",3124,16.8,1.39,8.65,70,17.8,15,3,697.03,4102.48,"Above"
"294_16S","294_16S","MP_294_16S","125_Z",517,"3",2022-07-21,"Serene","Zooplankton","Ceriodaphnia",50,"cladocera",3124,19.7,1.12,8.36,71.9,18.5,16.6,3.1,302.75,48.61,"Above"
"295_16S","295_16S","MP_295_16S","121_Z",777,"3",2022-07-21,"Serene","Zooplankton","Holopedium",10,"cladocera",3124,19.7,1.12,8.36,71.9,18.5,16.6,3.1,302.75,48.61,"Above"
"296_16S","296_16S","MP_296_16S","32_W",148061,"3",2022-07-21,"Eastern Brook","Water","Water",NA,"water",3155,18.9,1.05,8.56,74.2,21,18.5,3.45,202.99,101.86,"Above"
"297_16S","297_16S","MP_297_16S","239_Z",2019,"5",2022-08-22,"Serene","Zooplankton","Calanoid",50,"copepoda",3124,18.8,1.98,7.9,67.8,20.8,16.5,3,NA,NA,"Above"
"298_16S","298_16S","MP_298_16S","9_W",324795,"1",2022-06-29,"Cooney","Water","Water",NA,"water",3116,12.6,0.45,7.96,80.5,106.9,81.7,0.7,269.97,57.28,"Above"
"299_16S","299_16S","MP_299_16S","225_Z",1038,"5",2022-08-22,"Eastern Brook","Zooplankton","Daphnia",30,"cladocera",3155,18.1,1.38,8.11,64.8,27.5,21,3.2,NA,NA,"Above"
"30_16S","30_16S","MP_30_16S","79_Z",384,"3",2022-07-21,"Convict","Zooplankton","Calanoid",50,"copepoda",2315,18.2,0.2,8.34,76.7,164.8,143.5,0.8,103.23,204.95,"Below"
"300_16S","300_16S","MP_300_16S","27_W",191351,"2",2022-07-09,"Serene","Water","Water",NA,"water",3124,16.8,1.39,8.65,70,17.8,15,3,697.03,4102.48,"Above"
"302_16S","302_16S","MP_302_16S","52_W",137612,"1",2022-06-29,"Serene","Water","Water",NA,"water",3124,14.4,1.31,6.96,69.5,17.6,14,2.7,211.83,10.84,"Above"
"303_16S","303_16S","MP_303_16S","228_Z",1092,"5",2022-08-22,"Eastern Brook","Zooplankton","Cyclopoid",50,"copepoda",3155,18.1,1.38,8.11,64.8,27.5,21,3.2,NA,NA,"Above"
"304_16S","304_16S","MP_304_16S","235_Z",463,"5",2022-08-22,"Serene","Zooplankton","Daphnia",30,"cladocera",3124,18.8,1.98,7.9,67.8,20.8,16.5,3,NA,NA,"Above"
"305_16S","305_16S","MP_305_16S","234_Z",5131,"5",2022-08-22,"Serene","Zooplankton","Daphnia",30,"cladocera",3124,18.8,1.98,7.9,67.8,20.8,16.5,3,NA,NA,"Above"
"306_16S","306_16S","MP_306_16S","256_Z",6998,"5",2022-08-22,"Convict","Zooplankton","Cyclopoid",50,"copepoda",2315,20.9,0.39,8.03,73.1,172.3,139.8,2,NA,NA,"Below"
"307_16S","307_16S","MP_307_16S","251_Z",3542,"5",2022-08-22,"Convict","Zooplankton","Calanoid",50,"copepoda",2315,20.9,0.39,8.03,73.1,172.3,139.8,2,NA,NA,"Below"
"308_16S","308_16S","MP_308_16S","50_W",135273,"1",2022-06-29,"Convict","Water","Water",NA,"water",2315,13.8,0.26,5.87,81.6,166,130.3,0.6,NA,NA,"Below"
"309_16S","309_16S","MP_309_16S","246_Z",6270,"5",2022-08-22,"Convict","Zooplankton","Daphnia",30,"cladocera",2315,20.9,0.39,8.03,73.1,172.3,139.8,2,NA,NA,"Below"
"31_16S","31_16S","MP_31_16S","29_Z",568,"2",2022-07-09,"Virginia","Zooplankton","Cyclopoid",50,"copepoda",2983,16.1,0.58,7.32,80.5,91.6,76.1,1.1,872.79,NA,"Above"
"310_16S","310_16S","MP_310_16S","227_Z",1485,"5",2022-08-22,"Eastern Brook","Zooplankton","Daphnia",30,"cladocera",3155,18.1,1.38,8.11,64.8,27.5,21,3.2,NA,NA,"Above"
"312_16S","312_16S","MP_312_16S","51_W",134153,"1",2022-06-29,"Eastern Brook","Water","Water",NA,"water",3155,13.1,0.4,6.9,67.3,20,15.5,3.1,217.44,32.97,"Above"
"313_16S","313_16S","MP_313_16S","37_W",53403,"4",2022-08-04,"Convict","Water","Water",NA,"water",2315,18.4,0.81,8.48,78.9,178.5,156,51.9,NA,4.02,"Below"
"314_16S","314_16S","MP_314_16S","231_Z",1251,"5",2022-08-22,"Eastern Brook","Zooplankton","Cyclopoid",50,"copepoda",3155,18.1,1.38,8.11,64.8,27.5,21,3.2,NA,NA,"Above"
"315_16S","315_16S","MP_315_16S","33_W",30420,"3",2022-07-21,"Serene","Water","Water",NA,"water",3124,19.7,1.12,8.36,71.9,18.5,16.6,3.1,302.75,48.61,"Above"
"316_16S","316_16S","MP_316_16S","223_Z",20284,"5",2022-08-22,"Virginia","Zooplankton","Cyclopoid",50,"copepoda",2983,19.5,0.83,8.48,75.6,105.4,87.9,7.75,NA,NA,"Above"
"317_16S","317_16S","MP_317_16S","8_W",105911,"1",2022-06-29,"Virginia","Water","Water",NA,"water",2983,14.5,0.67,7.88,76,90.3,72.2,0.8,165.18,4.95,"Above"
"318_16S","318_16S","MP_318_16S","229_Z",1838,"5",2022-08-22,"Eastern Brook","Zooplankton","Cyclopoid",50,"copepoda",3155,18.1,1.38,8.11,64.8,27.5,21,3.2,NA,NA,"Above"
"319_16S","319_16S","MP_319_16S","254_Z",8843,"5",2022-08-22,"Convict","Zooplankton","Cyclopoid",50,"copepoda",2315,20.9,0.39,8.03,73.1,172.3,139.8,2,NA,NA,"Below"
"32_16S","32_16S","MP_32_16S","92_Z",4449,"3",2022-07-21,"Cooney","Zooplankton","Cyclopoid",50,"copepoda",3116,16.7,0.43,8.61,76.8,112.9,95,1,84.23,369.04,"Above"
"320_16S","320_16S","MP_320_16S","245_Z",3416,"5",2022-08-22,"Serene","Zooplankton","Holopedium",10,"cladocera",3124,18.8,1.98,7.9,67.8,20.8,16.5,3,NA,NA,"Above"
"322_16S","322_16S","MP_322_16S","25_W",182917,"2",2022-07-09,"Convict","Water","Water",NA,"water",2315,15.3,0.28,7.14,84.5,163.2,137.2,1.1,NA,4.33,"Below"
"323_16S","323_16S","MP_323_16S","241_Z",106,"5",2022-08-22,"Serene","Zooplankton","Ceriodaphnia",50,"cladocera",3124,18.8,1.98,7.9,67.8,20.8,16.5,3,NA,NA,"Above"
"324_16S","324_16S","MP_324_16S","226_Z",2192,"5",2022-08-22,"Eastern Brook","Zooplankton","Daphnia",30,"cladocera",3155,18.1,1.38,8.11,64.8,27.5,21,3.2,NA,NA,"Above"
"325_16S","325_16S","MP_325_16S","253_Z",1490,"5",2022-08-22,"Convict","Zooplankton","Calanoid",50,"copepoda",2315,20.9,0.39,8.03,73.1,172.3,139.8,2,NA,NA,"Below"
"327_16S","327_16S","MP_327_16S","26_W",137754,"2",2022-07-09,"Eastern Brook","Water","Water",NA,"water",3155,16,0.93,8.6,73.8,20.6,17,3.4,409.63,13.62,"Above"
"328_16S","328_16S","MP_328_16S","30_W",162750,"2",2022-07-09,"Virginia","Water","Water",NA,"water",2983,16.1,0.58,7.32,80.5,91.6,76.1,1.1,872.79,NA,"Above"
"329_16S","329_16S","MP_329_16S","257_Z",2796,"5",2022-08-22,"Convict","Zooplankton","Cyclopoid",50,"copepoda",2315,20.9,0.39,8.03,73.1,172.3,139.8,2,NA,NA,"Below"
"33_16S","33_16S","MP_33_16S","14_Z22",145,"1",2022-06-29,"Eastern Brook","Zooplankton","Calanoid",50,"copepoda",3155,13.1,0.4,6.9,67.3,20,15.5,3.1,217.44,32.97,"Above"
"330_16S","330_16S","MP_330_16S","43_W",16177,"5",2022-08-22,"Convict","Water","Water",NA,"water",2315,20.9,0.39,8.03,73.1,172.3,139.8,2,NA,NA,"Below"
"331_16S","331_16S","MP_331_16S","237_Z",7155,"5",2022-08-22,"Serene","Zooplankton","Calanoid",50,"copepoda",3124,18.8,1.98,7.9,67.8,20.8,16.5,3,NA,NA,"Above"
"332_16S","332_16S","MP_332_16S","28_W",73010,"2",2022-07-09,"Cooney","Water","Water",NA,"water",3116,14.3,0.3,6.94,77.5,109.6,87.1,1,74.73,9.29,"Above"
"333_16S","333_16S","MP_333_16S","238_Z",5403,"5",2022-08-22,"Serene","Zooplankton","Calanoid",50,"copepoda",3124,18.8,1.98,7.9,67.8,20.8,16.5,3,NA,NA,"Above"
"334_16S","334_16S","MP_334_16S","143_Z",15291,"4",2022-06-29,"Blue","Zooplankton","Daphnia",30,"cladocera",3005,16.3,0.02,7.99,75.6,110.7,92.3,1.9,100.86,3.41,"Above"
"336_16S","336_16S","MP_336_16S","35_W",206097,"3",2022-06-29,"Blue","Water","Water",NA,"water",3005,17,0.22,8.48,81.3,100.2,84.9,0.9,79.48,6.19,"Above"
"337_16S","337_16S","MP_337_16S","53_W",144793,"1",2022-06-29,"Blue","Water","Water",NA,"water",3005,12.8,0.34,7.97,73.8,97.5,74.7,0.8,137.16,22.6,"Above"
"338_16S","338_16S","MP_338_16S","255_Z",4813,"5",2022-08-22,"Convict","Zooplankton","Cyclopoid",50,"copepoda",2315,20.9,0.39,8.03,73.1,172.3,139.8,2,NA,NA,"Below"
"339_16S","339_16S","MP_339_16S","249_Z",1609,"5",2022-08-22,"Convict","Zooplankton","Daphnia",30,"cladocera",2315,20.9,0.39,8.03,73.1,172.3,139.8,2,NA,NA,"Below"
"34_16S","34_16S","MP_34_16S","28_Z22",1165,"1",2022-06-29,"Cooney","Zooplankton","Daphnia",30,"cladocera",3116,12.6,0.45,7.96,80.5,106.9,81.7,0.7,269.97,57.28,"Above"
"340_16S","340_16S","MP_340_16S","236_Z",3475,"5",2022-08-22,"Serene","Zooplankton","Calanoid",50,"copepoda",3124,18.8,1.98,7.9,67.8,20.8,16.5,3,NA,NA,"Above"
"341_16S","341_16S","MP_341_16S","29_W",213819,"2",2022-06-29,"Blue","Water","Water",NA,"water",3005,14.8,0.42,7.04,82.1,98.7,79.4,0.9,264.74,149.54,"Above"
"342_16S","342_16S","MP_342_16S","47_Z",19807,"5",2022-06-29,"Blue","Zooplankton","Daphnia",30,"cladocera",3005,18.5,0.55,7.93,73.1,115.1,93.6,1.1,NA,NA,"Above"
"343_16S","343_16S","MP_343_16S","222_Z",29588,"5",2022-08-22,"Virginia","Zooplankton","Cyclopoid",50,"copepoda",2983,19.5,0.83,8.48,75.6,105.4,87.9,7.75,NA,NA,"Above"
"344_16S","344_16S","MP_344_16S","42_W",269975,"4",2022-08-04,"Virginia","Water","Water",NA,"water",2983,17.7,0.34,8.61,77.4,102.1,87.8,66.6,3228.98,4.02,"Above"
"345_16S","345_16S","MP_345_16S","233_Z",1106,"5",2022-08-22,"Serene","Zooplankton","Daphnia",30,"cladocera",3124,18.8,1.98,7.9,67.8,20.8,16.5,3,NA,NA,"Above"
"346_16S","346_16S","MP_346_16S","31_W",96876,"3",2022-07-21,"Convict","Water","Water",NA,"water",2315,18.2,0.2,8.34,76.7,164.8,143.5,0.8,103.23,204.95,"Below"
"347_16S","347_16S","MP_347_16S","34_W",38892,"3",2022-07-21,"Cooney","Water","Water",NA,"water",3116,16.7,0.43,8.61,76.8,112.9,95,1,84.23,369.04,"Above"
"348_16S","348_16S","MP_348_16S","23_Z22",2132,"1",2022-06-29,"Eastern Brook","Zooplankton","Cyclopoid",50,"copepoda",3155,13.1,0.4,6.9,67.3,20,15.5,3.1,217.44,32.97,"Above"
"35_16S","35_16S","MP_35_16S","42_Z22",1252,"1",2022-06-29,"Virginia","Zooplankton","Daphnia",100,"cladocera",2983,14.5,0.67,7.88,76,90.3,72.2,0.8,165.18,4.95,"Above"
"350_16S","350_16S","MP_350_16S","44_W",47751,"5",2022-08-22,"Eastern Brook","Water","Water",NA,"water",3155,18.1,1.38,8.11,64.8,27.5,21,3.2,NA,NA,"Above"
"352_16S","352_16S","MP_352_16S","46_W",127,"5",2022-08-22,"Cooney","Water","Water",NA,"water",3116,17.9,0,8.07,69.8,177.3,139.8,31.3,NA,NA,"Above"
"353_16S","353_16S","MP_353_16S","36_W",26543,"3",2022-07-21,"Virginia","Water","Water",NA,"water",2983,18.7,0.35,8.48,81.4,93,81.9,1.1,217.24,7.74,"Above"
"354_16S","354_16S","MP_354_16S","250_Z",691,"5",2022-08-22,"Convict","Zooplankton","Calanoid",50,"copepoda",2315,20.9,0.39,8.03,73.1,172.3,139.8,2,NA,NA,"Below"
"355_16S","355_16S","MP_355_16S","40_W",14009,"4",2022-08-04,"Cooney","Water","Water",NA,"water",3116,16.2,0.87,7.77,74.5,126.8,105.5,99.2,5982.29,7.43,"Above"
"356_16S","356_16S","MP_356_16S","244_Z",379,"5",2022-08-22,"Serene","Zooplankton","Holopedium",10,"cladocera",3124,18.8,1.98,7.9,67.8,20.8,16.5,3,NA,NA,"Above"
"357_16S","357_16S","MP_357_16S","45_W",81080,"5",2022-08-22,"Serene","Water","Water",NA,"water",3124,18.8,1.98,7.9,67.8,20.8,16.5,3,NA,NA,"Above"
"358_16S","358_16S","MP_358_16S","248_Z",1206,"5",2022-08-22,"Convict","Zooplankton","Daphnia",30,"cladocera",2315,20.9,0.39,8.03,73.1,172.3,139.8,2,NA,NA,"Below"
"359_16S","359_16S","MP_359_16S","41_W",113,"4",2022-06-29,"Blue","Water","Water",NA,"water",3005,16.3,0.02,7.99,75.6,110.7,92.3,1.9,100.86,3.41,"Above"
"36_16S","36_16S","MP_36_16S","70_Z",426,"3",2022-07-21,"Virginia","Zooplankton","Calanoid",50,"copepoda",2983,18.7,0.35,8.48,81.4,93,81.9,1.1,217.24,7.74,"Above"
"360_16S","360_16S","MP_360_16S","230_Z",3668,"5",2022-08-22,"Eastern Brook","Zooplankton","Cyclopoid",50,"copepoda",3155,18.1,1.38,8.11,64.8,27.5,21,3.2,NA,NA,"Above"
"362_16S","362_16S","MP_362_16S","48_W",145985,"5",2022-08-22,"Virginia","Water","Water",NA,"water",2983,19.5,0.83,8.48,75.6,105.4,87.9,7.75,NA,NA,"Above"
"363_16S","363_16S","MP_363_16S","224_Z",8977,"5",2022-08-22,"Eastern Brook","Zooplankton","Daphnia",30,"cladocera",3155,18.1,1.38,8.11,64.8,27.5,21,3.2,NA,NA,"Above"
"364_16S","364_16S","MP_364_16S","247_Z",1825,"5",2022-08-22,"Convict","Zooplankton","Daphnia",30,"cladocera",2315,20.9,0.39,8.03,73.1,172.3,139.8,2,NA,NA,"Below"
"365_16S","365_16S","MP_365_16S","47_W",100650,"5",2022-06-29,"Blue","Water","Water",NA,"water",3005,18.5,0.55,7.93,73.1,115.1,93.6,1.1,NA,NA,"Above"
"366_16S","366_16S","MP_366_16S","252_Z",996,"5",2022-08-22,"Convict","Zooplankton","Calanoid",50,"copepoda",2315,20.9,0.39,8.03,73.1,172.3,139.8,2,NA,NA,"Below"
"367_16S","367_16S","MP_367_16S","232_Z",17358,"5",2022-08-22,"Serene","Zooplankton","Daphnia",30,"cladocera",3124,18.8,1.98,7.9,67.8,20.8,16.5,3,NA,NA,"Above"
"37_16S","37_16S","MP_37_16S","7_Z",2779,"2",2022-07-09,"Serene","Zooplankton","Calanoid",50,"copepoda",3124,16.8,1.39,8.65,70,17.8,15,3,697.03,4102.48,"Above"
"38_16S","38_16S","MP_38_16S","12_Z22",2061,"1",2022-06-29,"Eastern Brook","Zooplankton","Daphnia",30,"cladocera",3155,13.1,0.4,6.9,67.3,20,15.5,3.1,217.44,32.97,"Above"
"39_16S","39_16S","MP_39_16S","32_Z22",3541,"1",2022-06-29,"Cooney","Zooplankton","Daphnia",30,"cladocera",3116,12.6,0.45,7.96,80.5,106.9,81.7,0.7,269.97,57.28,"Above"
"40_16S","40_16S","MP_40_16S","51_Z",25456,"5",2022-06-29,"Blue","Zooplankton","Cyclopoid",50,"copepoda",3005,18.5,0.55,7.93,73.1,115.1,93.6,1.1,NA,NA,"Above"
"41_16S","41_16S","MP_41_16S","56_Z22",5353,"1",2022-06-29,"Blue","Zooplankton","Cyclopoid",50,"copepoda",3005,12.8,0.34,7.97,73.8,97.5,74.7,0.8,137.16,22.6,"Above"
"42_16S","42_16S","MP_42_16S","77_Z",3586,"3",2022-07-21,"Convict","Zooplankton","Calanoid",50,"copepoda",2315,18.2,0.2,8.34,76.7,164.8,143.5,0.8,103.23,204.95,"Below"
"43_16S","43_16S","MP_43_16S","30_Z",9150,"2",2022-07-09,"Virginia","Zooplankton","Cyclopoid",50,"copepoda",2983,16.1,0.58,7.32,80.5,91.6,76.1,1.1,872.79,NA,"Above"
"44_16S","44_16S","MP_44_16S","38_Z",3719,"2",2022-07-09,"Virginia","Zooplankton","Calanoid",50,"copepoda",2983,16.1,0.58,7.32,80.5,91.6,76.1,1.1,872.79,NA,"Above"
"45_16S","45_16S","MP_45_16S","2_Z22",1862,"1",2022-06-29,"Convict","Zooplankton","Calanoid",50,"copepoda",2315,13.8,0.26,5.87,81.6,166,130.3,0.6,NA,NA,"Below"
"46_16S","46_16S","MP_46_16S","75_Z",1803,"3",2022-07-21,"Virginia","Zooplankton","Cyclopoid",50,"copepoda",2983,18.7,0.35,8.48,81.4,93,81.9,1.1,217.24,7.74,"Above"
"48_16S","48_16S","MP_48_16S","24_Z22",2335,"1",2022-06-29,"Eastern Brook","Zooplankton","Cyclopoid",50,"copepoda",3155,13.1,0.4,6.9,67.3,20,15.5,3.1,217.44,32.97,"Above"
"49_16S","49_16S","MP_49_16S","52_Z",17419,"5",2022-06-29,"Blue","Zooplankton","Cyclopoid",50,"copepoda",3005,18.5,0.55,7.93,73.1,115.1,93.6,1.1,NA,NA,"Above"
"50_16S","50_16S","MP_50_16S","3_Z22",2837,"1",2022-06-29,"Convict","Zooplankton","Calanoid",50,"copepoda",2315,13.8,0.26,5.87,81.6,166,130.3,0.6,NA,NA,"Below"
"51_16S","51_16S","MP_51_16S","73_Z",1855,"3",2022-07-21,"Virginia","Zooplankton","Cyclopoid",50,"copepoda",2983,18.7,0.35,8.48,81.4,93,81.9,1.1,217.24,7.74,"Above"
"52_16S","52_16S","MP_52_16S","49_Z22",1083,"1",2022-06-29,"Serene","Zooplankton","Calanoid",50,"copepoda",3124,14.4,1.31,6.96,69.5,17.6,14,2.7,211.83,10.84,"Above"
"53_16S","53_16S","MP_53_16S","54_Z",16322,"5",2022-06-29,"Blue","Zooplankton","Cyclopoid",50,"copepoda",3005,18.5,0.55,7.93,73.1,115.1,93.6,1.1,NA,NA,"Above"
"54_16S","54_16S","MP_54_16S","63_Z",5489,"3",2022-06-29,"Blue","Zooplankton","Cyclopoid",50,"copepoda",3005,17,0.22,8.48,81.3,100.2,84.9,0.9,79.48,6.19,"Above"
"55_16S","55_16S","MP_55_16S","55_Z22",6174,"1",2022-06-29,"Blue","Zooplankton","Cyclopoid",50,"copepoda",3005,12.8,0.34,7.97,73.8,97.5,74.7,0.8,137.16,22.6,"Above"
"56_16S","56_16S","MP_56_16S","30_Z22",2317,"1",2022-06-29,"Cooney","Zooplankton","Daphnia",30,"cladocera",3116,12.6,0.45,7.96,80.5,106.9,81.7,0.7,269.97,57.28,"Above"
"57_16S","57_16S","MP_57_16S","25_Z22",1605,"1",2022-06-29,"Cooney","Zooplankton","Cyclopoid",50,"copepoda",3116,12.6,0.45,7.96,80.5,106.9,81.7,0.7,269.97,57.28,"Above"
"58_16S","58_16S","MP_58_16S","18_Z22",520,"1",2022-06-29,"Eastern Brook","Zooplankton","Daphnia",30,"cladocera",3155,13.1,0.4,6.9,67.3,20,15.5,3.1,217.44,32.97,"Above"
"59_16S","59_16S","MP_59_16S","26_Z",934,"2",2022-07-09,"Convict","Zooplankton","Calanoid",50,"copepoda",2315,15.3,0.28,7.14,84.5,163.2,137.2,1.1,NA,4.33,"Below"
"60_16S","60_16S","MP_60_16S","29_Z22",2922,"1",2022-06-29,"Cooney","Zooplankton","Daphnia",30,"cladocera",3116,12.6,0.45,7.96,80.5,106.9,81.7,0.7,269.97,57.28,"Above"
"61_16S","61_16S","MP_61_16S","15_Z",907,"2",2022-07-09,"Eastern Brook","Zooplankton","Calanoid",50,"copepoda",3155,16,0.93,8.6,73.8,20.6,17,3.4,409.63,13.62,"Above"
"62_16S","62_16S","MP_62_16S","47_Z22",10152,"1",2022-06-29,"Virginia","Zooplankton","Cyclopoid",50,"copepoda",2983,14.5,0.67,7.88,76,90.3,72.2,0.8,165.18,4.95,"Above"
"64_16S","64_16S","MP_64_16S","37_Z",1448,"2",2022-07-09,"Virginia","Zooplankton","Calanoid",50,"copepoda",2983,16.1,0.58,7.32,80.5,91.6,76.1,1.1,872.79,NA,"Above"
"65_16S","65_16S","MP_65_16S","71_Z",149,"3",2022-07-21,"Virginia","Zooplankton","Calanoid",50,"copepoda",2983,18.7,0.35,8.48,81.4,93,81.9,1.1,217.24,7.74,"Above"
"66_16S","66_16S","MP_66_16S","15_Z22",601,"1",2022-06-29,"Eastern Brook","Zooplankton","Calanoid",50,"copepoda",3155,13.1,0.4,6.9,67.3,20,15.5,3.1,217.44,32.97,"Above"
"67_16S","67_16S","MP_67_16S","93_Z",1146,"3",2022-07-21,"Cooney","Zooplankton","Cyclopoid",50,"copepoda",3116,16.7,0.43,8.61,76.8,112.9,95,1,84.23,369.04,"Above"
"69_16S","69_16S","MP_69_16S","18_Z",514,"2",2022-06-29,"Blue","Zooplankton","Cyclopoid",50,"copepoda",3005,14.8,0.42,7.04,82.1,98.7,79.4,0.9,264.74,149.54,"Above"
"70_16S","70_16S","MP_70_16S","9_Z",4047,"2",2022-07-09,"Serene","Zooplankton","Calanoid",50,"copepoda",3124,16.8,1.39,8.65,70,17.8,15,3,697.03,4102.48,"Above"
"71_16S","71_16S","MP_71_16S","13_Z22",123,"1",2022-06-29,"Eastern Brook","Zooplankton","Daphnia",30,"cladocera",3155,13.1,0.4,6.9,67.3,20,15.5,3.1,217.44,32.97,"Above"
"73_16S","73_16S","MP_73_16S","48_Z",805,"5",2022-06-29,"Blue","Zooplankton","Daphnia",30,"cladocera",3005,18.5,0.55,7.93,73.1,115.1,93.6,1.1,NA,NA,"Above"
"74_16S","74_16S","MP_74_16S","62_Z",6557,"3",2022-06-29,"Blue","Zooplankton","Cyclopoid",50,"copepoda",3005,17,0.22,8.48,81.3,100.2,84.9,0.9,79.48,6.19,"Above"
"75_16S","75_16S","MP_75_16S","6_Z",1251,"2",2022-07-09,"Eastern Brook","Zooplankton","Calanoid",50,"copepoda",3155,16,0.93,8.6,73.8,20.6,17,3.4,409.63,13.62,"Above"
"76_16S","76_16S","MP_76_16S","4_Z22",116,"1",2022-06-29,"Convict","Zooplankton","Calanoid",50,"copepoda",2315,13.8,0.26,5.87,81.6,166,130.3,0.6,NA,NA,"Below"
"77_16S","77_16S","MP_77_16S","40_Z",25650,"2",2022-07-09,"Cooney","Zooplankton","Daphnia",30,"cladocera",3116,14.3,0.3,6.94,77.5,109.6,87.1,1,74.73,9.29,"Above"
"79_16S","79_16S","MP_79_16S","41_Z22",3355,"1",2022-06-29,"Virginia","Zooplankton","Daphnia",100,"cladocera",2983,14.5,0.67,7.88,76,90.3,72.2,0.8,165.18,4.95,"Above"
"80_16S","80_16S","MP_80_16S","36_Z22",1330,"1",2022-06-29,"Virginia","Zooplankton","Daphnia",30,"cladocera",2983,14.5,0.67,7.88,76,90.3,72.2,0.8,165.18,4.95,"Above"
"81_16S","81_16S","MP_81_16S","43_Z22",591,"1",2022-06-29,"Virginia","Zooplankton","Cyclopoid",50,"copepoda",2983,14.5,0.67,7.88,76,90.3,72.2,0.8,165.18,4.95,"Above"
"82_16S","82_16S","MP_82_16S","25_Z",4137,"2",2022-06-29,"Blue","Zooplankton","Cyclopoid",20,"copepoda",3005,14.8,0.42,7.04,82.1,98.7,79.4,0.9,264.74,149.54,"Above"
"83_16S","83_16S","MP_83_16S","27_Z22",3439,"1",2022-06-29,"Cooney","Zooplankton","Daphnia",30,"cladocera",3116,12.6,0.45,7.96,80.5,106.9,81.7,0.7,269.97,57.28,"Above"
"84_16S","84_16S","MP_84_16S","45_Z",75355,"2",2022-07-09,"Cooney","Zooplankton","Calanoid",50,"copepoda",3116,14.3,0.3,6.94,77.5,109.6,87.1,1,74.73,9.29,"Above"
"85_16S","85_16S","MP_85_16S","50_Z22",4084,"1",2022-06-29,"Serene","Zooplankton","Calanoid",50,"copepoda",3124,14.4,1.31,6.96,69.5,17.6,14,2.7,211.83,10.84,"Above"
"86_16S","86_16S","MP_86_16S","21_Z22",1684,"1",2022-06-29,"Eastern Brook","Zooplankton","Calanoid",50,"copepoda",3155,13.1,0.4,6.9,67.3,20,15.5,3.1,217.44,32.97,"Above"
"87_16S","87_16S","MP_87_16S","40_Z22",1512,"1",2022-06-29,"Virginia","Zooplankton","Daphnia",30,"cladocera",2983,14.5,0.67,7.88,76,90.3,72.2,0.8,165.18,4.95,"Above"
"88_16S","88_16S","MP_88_16S","5_Z",1651,"2",2022-07-09,"Eastern Brook","Zooplankton","Calanoid",50,"copepoda",3155,16,0.93,8.6,73.8,20.6,17,3.4,409.63,13.62,"Above"
"89_16S","89_16S","MP_89_16S","52_Z22",1626,"1",2022-06-29,"Serene","Zooplankton","Calanoid",50,"copepoda",3124,14.4,1.31,6.96,69.5,17.6,14,2.7,211.83,10.84,"Above"
"90_16S","90_16S","MP_90_16S","76_Z",1647,"3",2022-07-21,"Convict","Zooplankton","Calanoid",50,"copepoda",2315,18.2,0.2,8.34,76.7,164.8,143.5,0.8,103.23,204.95,"Below"
"91_16S","91_16S","MP_91_16S","44_Z22",14803,"1",2022-06-29,"Virginia","Zooplankton","Cyclopoid",50,"copepoda",2983,14.5,0.67,7.88,76,90.3,72.2,0.8,165.18,4.95,"Above"
"92_16S","92_16S","MP_92_16S","17_Z",373,"2",2022-07-09,"Convict","Zooplankton","Calanoid",50,"copepoda",2315,15.3,0.28,7.14,84.5,163.2,137.2,1.1,NA,4.33,"Below"
"93_16S","93_16S","MP_93_16S","8_Z",7522,"2",2022-07-09,"Serene","Zooplankton","Calanoid",50,"copepoda",3124,16.8,1.39,8.65,70,17.8,15,3,697.03,4102.48,"Above"
"94_16S","94_16S","MP_94_16S","53_Z",45651,"5",2022-06-29,"Blue","Zooplankton","Cyclopoid",50,"copepoda",3005,18.5,0.55,7.93,73.1,115.1,93.6,1.1,NA,NA,"Above"
"95_16S","95_16S","MP_95_16S","32_Z",127916,"2",2022-07-09,"Virginia","Zooplankton","Cyclopoid",50,"copepoda",2983,16.1,0.58,7.32,80.5,91.6,76.1,1.1,872.79,NA,"Above"
"96_16S","96_16S","MP_96_16S","72_Z",4000,"3",2022-07-21,"Virginia","Zooplankton","Calanoid",50,"copepoda",2983,18.7,0.35,8.48,81.4,93,81.9,1.1,217.24,7.74,"Above"
"97_16S","97_16S","MP_97_16S","2_Z",167,"2",2022-07-09,"Eastern Brook","Zooplankton","Daphnia",30,"cladocera",3155,16,0.93,8.6,73.8,20.6,17,3.4,409.63,13.62,"Above"
"98_16S","98_16S","MP_98_16S","38_Z22",1281,"1",2022-06-29,"Virginia","Zooplankton","Daphnia",30,"cladocera",2983,14.5,0.67,7.88,76,90.3,72.2,0.8,165.18,4.95,"Above"
"99_16S","99_16S","MP_99_16S","100_Z",1556,"3",2022-07-21,"Eastern Brook","Zooplankton","Daphnia",30,"cladocera",3155,18.9,1.05,8.56,74.2,21,18.5,3.45,202.99,101.86,"Above"
