Original_ID,Sequencing_ID,Sample_Type,Organism,Number of Organism,Time Point,Lake,Pre_PCR_DNA_Conc_ng_uL,Round 1 Gel?,Plate,Plate_name,Well,i7_Index_Name,i5_Index_Name,i7_index_sequence,i5_index_sequence,i7_full_seq,i5_full_seq,gene,forward_primer_name,reverse_primer_name,forward_primer_sequence,reverse_primer_sequence
1_Z22,MP_01_16S,Zooplankton,Calanoid,50,1,Convict,6.74,Yes,1,MP_R2_P1,A1,N701,N501,TAAGGCGA,TAGATCGC,,,16S,16S_515FPa_overhang,16S_805RAp_overhang,TCGTCGGCAGCGTCAGATGTGTATAAGAGACAGGTGYCAGCMGCCGCGGTAA,GTCTCGTGGGCTCGGAGATGTGTATAAGAGACAGGGACTACNVGGGTWTCTAAT
65_Z,MP_02_16S,Zooplankton,Cyclopoid,50,3,Blue,7.94,Yes,1,MP_R2_P1,B1,N701,N502,TAAGGCGA,CTCTCTAT,,,16S,16S_515FPa_overhang,16S_805RAp_overhang,TCGTCGGCAGCGTCAGATGTGTATAAGAGACAGGTGYCAGCMGCCGCGGTAA,GTCTCGTGGGCTCGGAGATGTGTATAAGAGACAGGGACTACNVGGGTWTCTAAT
95_Z,MP_03_16S,Zooplankton,Cyclopoid,50,3,Cooney,5.61,Yes,1,MP_R2_P1,C1,N701,N503,TAAGGCGA,TATCCTCT,,,16S,16S_515FPa_overhang,16S_805RAp_overhang,TCGTCGGCAGCGTCAGATGTGTATAAGAGACAGGTGYCAGCMGCCGCGGTAA,GTCTCGTGGGCTCGGAGATGTGTATAAGAGACAGGGACTACNVGGGTWTCTAAT
45_Z22,MP_04_16S,Zooplankton,Cyclopoid,50,1,Virginia,6.02,Yes,1,MP_R2_P1,D1,N701,N504,TAAGGCGA,AGAGTAGA,,,16S,16S_515FPa_overhang,16S_805RAp_overhang,TCGTCGGCAGCGTCAGATGTGTATAAGAGACAGGTGYCAGCMGCCGCGGTAA,GTCTCGTGGGCTCGGAGATGTGTATAAGAGACAGGGACTACNVGGGTWTCTAAT
78_Z,MP_05_16S,Zooplankton,Calanoid,50,3,Convict,5.59,Yes,1,MP_R2_P1,E1,N701,N505,TAAGGCGA,GTAAGGAG,,,16S,16S_515FPa_overhang,16S_805RAp_overhang,TCGTCGGCAGCGTCAGATGTGTATAAGAGACAGGTGYCAGCMGCCGCGGTAA,GTCTCGTGGGCTCGGAGATGTGTATAAGAGACAGGGACTACNVGGGTWTCTAAT
39_Z,MP_06_16S,Zooplankton,Calanoid,50,2,Virginia,54,Yes,1,MP_R2_P1,F1,N701,N506,TAAGGCGA,ACTGCATA,,,16S,16S_515FPa_overhang,16S_805RAp_overhang,TCGTCGGCAGCGTCAGATGTGTATAAGAGACAGGTGYCAGCMGCCGCGGTAA,GTCTCGTGGGCTCGGAGATGTGTATAAGAGACAGGGACTACNVGGGTWTCTAAT
31_Z22,MP_07_16S,Zooplankton,Daphnia,30,1,Cooney,2.03,Yes,1,MP_R2_P1,G1,N701,N507,TAAGGCGA,AAGGAGTA,,,16S,16S_515FPa_overhang,16S_805RAp_overhang,TCGTCGGCAGCGTCAGATGTGTATAAGAGACAGGTGYCAGCMGCCGCGGTAA,GTCTCGTGGGCTCGGAGATGTGTATAAGAGACAGGGACTACNVGGGTWTCTAAT
28_Z,MP_08_16S,Zooplankton,Calanoid,40,2,Convict,9.7,Yes,1,MP_R2_P1,H1,N701,N508,TAAGGCGA,CTAAGCCT,,,16S,16S_515FPa_overhang,16S_805RAp_overhang,TCGTCGGCAGCGTCAGATGTGTATAAGAGACAGGTGYCAGCMGCCGCGGTAA,GTCTCGTGGGCTCGGAGATGTGTATAAGAGACAGGGACTACNVGGGTWTCTAAT
51_Z22,MP_09_16S,Zooplankton,Calanoid,50,1,Serene,24.6,Yes,1,MP_R2_P1,A2,N702,N501,CGTACTAG,TAGATCGC,,,16S,16S_515FPa_overhang,16S_805RAp_overhang,TCGTCGGCAGCGTCAGATGTGTATAAGAGACAGGTGYCAGCMGCCGCGGTAA,GTCTCGTGGGCTCGGAGATGTGTATAAGAGACAGGGACTACNVGGGTWTCTAAT
4_Z,MP_10_16S,Zooplankton,Calanoid,50,2,Eastern Brook,11.5,Yes,1,MP_R2_P1,B2,N702,N502,CGTACTAG,CTCTCTAT,,,16S,16S_515FPa_overhang,16S_805RAp_overhang,TCGTCGGCAGCGTCAGATGTGTATAAGAGACAGGTGYCAGCMGCCGCGGTAA,GTCTCGTGGGCTCGGAGATGTGTATAAGAGACAGGGACTACNVGGGTWTCTAAT
31_Z,MP_11_16S,Zooplankton,Cyclopoid,50,2,Virginia,1.56,Yes,1,MP_R2_P1,C2,N702,N503,CGTACTAG,TATCCTCT,,,16S,16S_515FPa_overhang,16S_805RAp_overhang,TCGTCGGCAGCGTCAGATGTGTATAAGAGACAGGTGYCAGCMGCCGCGGTAA,GTCTCGTGGGCTCGGAGATGTGTATAAGAGACAGGGACTACNVGGGTWTCTAAT
74_Z,MP_12_16S,Zooplankton,Cyclopoid,50,3,Virginia,10.9,Yes,1,MP_R2_P1,D2,N702,N504,CGTACTAG,AGAGTAGA,,,16S,16S_515FPa_overhang,16S_805RAp_overhang,TCGTCGGCAGCGTCAGATGTGTATAAGAGACAGGTGYCAGCMGCCGCGGTAA,GTCTCGTGGGCTCGGAGATGTGTATAAGAGACAGGGACTACNVGGGTWTCTAAT
16_Z22,MP_13_16S,Zooplankton,Calanoid,50,1,Eastern Brook,15.8,Yes,1,MP_R2_P1,E2,N702,N505,CGTACTAG,GTAAGGAG,,,16S,16S_515FPa_overhang,16S_805RAp_overhang,TCGTCGGCAGCGTCAGATGTGTATAAGAGACAGGTGYCAGCMGCCGCGGTAA,GTCTCGTGGGCTCGGAGATGTGTATAAGAGACAGGGACTACNVGGGTWTCTAAT
94_Z,MP_14_16S,Zooplankton,Cyclopoid,50,3,Cooney,8.12,Yes,1,MP_R2_P1,F2,N702,N506,CGTACTAG,ACTGCATA,,,16S,16S_515FPa_overhang,16S_805RAp_overhang,TCGTCGGCAGCGTCAGATGTGTATAAGAGACAGGTGYCAGCMGCCGCGGTAA,GTCTCGTGGGCTCGGAGATGTGTATAAGAGACAGGGACTACNVGGGTWTCTAAT
22_Z22,MP_15_16S,Zooplankton,Calanoid,50,1,Eastern Brook,24.6,Yes,1,MP_R2_P1,G2,N702,N507,CGTACTAG,AAGGAGTA,,,16S,16S_515FPa_overhang,16S_805RAp_overhang,TCGTCGGCAGCGTCAGATGTGTATAAGAGACAGGTGYCAGCMGCCGCGGTAA,GTCTCGTGGGCTCGGAGATGTGTATAAGAGACAGGGACTACNVGGGTWTCTAAT
54_Z22,MP_16_16S,Zooplankton,Daphnia,12,1,Serene,0.405,Yes,1,MP_R2_P1,H2,N702,N508,CGTACTAG,CTAAGCCT,,,16S,16S_515FPa_overhang,16S_805RAp_overhang,TCGTCGGCAGCGTCAGATGTGTATAAGAGACAGGTGYCAGCMGCCGCGGTAA,GTCTCGTGGGCTCGGAGATGTGTATAAGAGACAGGGACTACNVGGGTWTCTAAT
56_Z,MP_17_16S,Zooplankton,Calanoid,27,2,Cooney,1.49,Yes,1,MP_R2_P1,A3,N703,N501,AGGCAGAA,TAGATCGC,,,16S,16S_515FPa_overhang,16S_805RAp_overhang,TCGTCGGCAGCGTCAGATGTGTATAAGAGACAGGTGYCAGCMGCCGCGGTAA,GTCTCGTGGGCTCGGAGATGTGTATAAGAGACAGGGACTACNVGGGTWTCTAAT
5_Z22,MP_18_16S,Zooplankton,Calanoid,50,1,Convict,18.3,Yes,1,MP_R2_P1,B3,N703,N502,AGGCAGAA,CTCTCTAT,,,16S,16S_515FPa_overhang,16S_805RAp_overhang,TCGTCGGCAGCGTCAGATGTGTATAAGAGACAGGTGYCAGCMGCCGCGGTAA,GTCTCGTGGGCTCGGAGATGTGTATAAGAGACAGGGACTACNVGGGTWTCTAAT
PCRneg_1,MP_19_16S,"Control, PCR_NEG_1",NA,NA,NA,NA,NA,"Yes, negative (no band)",1,MP_R2_P1,C3,N703,N503,AGGCAGAA,TATCCTCT,,,16S,16S_515FPa_overhang,16S_805RAp_overhang,TCGTCGGCAGCGTCAGATGTGTATAAGAGACAGGTGYCAGCMGCCGCGGTAA,GTCTCGTGGGCTCGGAGATGTGTATAAGAGACAGGGACTACNVGGGTWTCTAAT
57_Z22,MP_20_16S,Zooplankton,Daphnia,30,1,Blue,1.12,Yes,1,MP_R2_P1,D3,N703,N504,AGGCAGAA,AGAGTAGA,,,16S,16S_515FPa_overhang,16S_805RAp_overhang,TCGTCGGCAGCGTCAGATGTGTATAAGAGACAGGTGYCAGCMGCCGCGGTAA,GTCTCGTGGGCTCGGAGATGTGTATAAGAGACAGGGACTACNVGGGTWTCTAAT
57_Z,MP_21_16S,Zooplankton,Cyclopoid,50,2,Cooney,4.72,Yes,1,MP_R2_P1,E3,N703,N505,AGGCAGAA,GTAAGGAG,,,16S,16S_515FPa_overhang,16S_805RAp_overhang,TCGTCGGCAGCGTCAGATGTGTATAAGAGACAGGTGYCAGCMGCCGCGGTAA,GTCTCGTGGGCTCGGAGATGTGTATAAGAGACAGGGACTACNVGGGTWTCTAAT
46_Z22,MP_22_16S,Zooplankton,Cyclopoid,50,1,Virginia,10.8,Yes,1,MP_R2_P1,F3,N703,N506,AGGCAGAA,ACTGCATA,,,16S,16S_515FPa_overhang,16S_805RAp_overhang,TCGTCGGCAGCGTCAGATGTGTATAAGAGACAGGTGYCAGCMGCCGCGGTAA,GTCTCGTGGGCTCGGAGATGTGTATAAGAGACAGGGACTACNVGGGTWTCTAAT
37_Z22,MP_23_16S,Zooplankton,Daphnia,30,1,Virginia,2.84,Yes,1,MP_R2_P1,G3,N703,N507,AGGCAGAA,AAGGAGTA,,,16S,16S_515FPa_overhang,16S_805RAp_overhang,TCGTCGGCAGCGTCAGATGTGTATAAGAGACAGGTGYCAGCMGCCGCGGTAA,GTCTCGTGGGCTCGGAGATGTGTATAAGAGACAGGGACTACNVGGGTWTCTAAT
55_Z,MP_24_16S,Zooplankton,Calanoid,50,2,Cooney,5.32,Yes,1,MP_R2_P1,H3,N703,N508,AGGCAGAA,CTAAGCCT,,,16S,16S_515FPa_overhang,16S_805RAp_overhang,TCGTCGGCAGCGTCAGATGTGTATAAGAGACAGGTGYCAGCMGCCGCGGTAA,GTCTCGTGGGCTCGGAGATGTGTATAAGAGACAGGGACTACNVGGGTWTCTAAT
16_Z,MP_25_16S,Zooplankton,Calanoid,50,2,Serene,5.28,Yes,1,MP_R2_P1,A4,N704,N501,TCCTGAGC,TAGATCGC,,,16S,16S_515FPa_overhang,16S_805RAp_overhang,TCGTCGGCAGCGTCAGATGTGTATAAGAGACAGGTGYCAGCMGCCGCGGTAA,GTCTCGTGGGCTCGGAGATGTGTATAAGAGACAGGGACTACNVGGGTWTCTAAT
44_Z,MP_26_16S,Zooplankton,Calanoid,50,2,Cooney,7.03,Yes,1,MP_R2_P1,B4,N704,N502,TCCTGAGC,CTCTCTAT,,,16S,16S_515FPa_overhang,16S_805RAp_overhang,TCGTCGGCAGCGTCAGATGTGTATAAGAGACAGGTGYCAGCMGCCGCGGTAA,GTCTCGTGGGCTCGGAGATGTGTATAAGAGACAGGGACTACNVGGGTWTCTAAT
64_Z,MP_27_16S,Zooplankton,Cyclopoid,50,3,Blue,11.9,Yes,1,MP_R2_P1,C4,N704,N503,TCCTGAGC,TATCCTCT,,,16S,16S_515FPa_overhang,16S_805RAp_overhang,TCGTCGGCAGCGTCAGATGTGTATAAGAGACAGGTGYCAGCMGCCGCGGTAA,GTCTCGTGGGCTCGGAGATGTGTATAAGAGACAGGGACTACNVGGGTWTCTAAT
26_Z22,MP_28_16S,Zooplankton,Cyclopoid,48,1,Cooney,6.1,Yes,1,MP_R2_P1,D4,N704,N504,TCCTGAGC,AGAGTAGA,,,16S,16S_515FPa_overhang,16S_805RAp_overhang,TCGTCGGCAGCGTCAGATGTGTATAAGAGACAGGTGYCAGCMGCCGCGGTAA,GTCTCGTGGGCTCGGAGATGTGTATAAGAGACAGGGACTACNVGGGTWTCTAAT
DNActrl_7,MP_29_16S,"Control, DNA_CTRL_7",NA,NA,NA,NA,NA,"Yes, negative (no band)",1,MP_R2_P1,E4,N704,N505,TCCTGAGC,GTAAGGAG,,,16S,16S_515FPa_overhang,16S_805RAp_overhang,TCGTCGGCAGCGTCAGATGTGTATAAGAGACAGGTGYCAGCMGCCGCGGTAA,GTCTCGTGGGCTCGGAGATGTGTATAAGAGACAGGGACTACNVGGGTWTCTAAT
79_Z,MP_30_16S,Zooplankton,Calanoid,50,3,Convict,9.91,Yes,1,MP_R2_P1,F4,N704,N506,TCCTGAGC,ACTGCATA,,,16S,16S_515FPa_overhang,16S_805RAp_overhang,TCGTCGGCAGCGTCAGATGTGTATAAGAGACAGGTGYCAGCMGCCGCGGTAA,GTCTCGTGGGCTCGGAGATGTGTATAAGAGACAGGGACTACNVGGGTWTCTAAT
29_Z,MP_31_16S,Zooplankton,Cyclopoid,50,2,Virginia,5.21,Yes,1,MP_R2_P1,G4,N704,N507,TCCTGAGC,AAGGAGTA,,,16S,16S_515FPa_overhang,16S_805RAp_overhang,TCGTCGGCAGCGTCAGATGTGTATAAGAGACAGGTGYCAGCMGCCGCGGTAA,GTCTCGTGGGCTCGGAGATGTGTATAAGAGACAGGGACTACNVGGGTWTCTAAT
92_Z,MP_32_16S,Zooplankton,Cyclopoid,50,3,Cooney,8.07,Yes,1,MP_R2_P1,H4,N704,N508,TCCTGAGC,CTAAGCCT,,,16S,16S_515FPa_overhang,16S_805RAp_overhang,TCGTCGGCAGCGTCAGATGTGTATAAGAGACAGGTGYCAGCMGCCGCGGTAA,GTCTCGTGGGCTCGGAGATGTGTATAAGAGACAGGGACTACNVGGGTWTCTAAT
14_Z22,MP_33_16S,Zooplankton,Calanoid,50,1,Eastern Brook,21.8,Yes,1,MP_R2_P1,A5,N705,N501,GGACTCCT,TAGATCGC,,,16S,16S_515FPa_overhang,16S_805RAp_overhang,TCGTCGGCAGCGTCAGATGTGTATAAGAGACAGGTGYCAGCMGCCGCGGTAA,GTCTCGTGGGCTCGGAGATGTGTATAAGAGACAGGGACTACNVGGGTWTCTAAT
28_Z22,MP_34_16S,Zooplankton,Daphnia,30,1,Cooney,1.29,Yes,1,MP_R2_P1,B5,N705,N502,GGACTCCT,CTCTCTAT,,,16S,16S_515FPa_overhang,16S_805RAp_overhang,TCGTCGGCAGCGTCAGATGTGTATAAGAGACAGGTGYCAGCMGCCGCGGTAA,GTCTCGTGGGCTCGGAGATGTGTATAAGAGACAGGGACTACNVGGGTWTCTAAT
42_Z22,MP_35_16S,Zooplankton,Daphnia,100,1,Virginia,4.08,Yes,1,MP_R2_P1,C5,N705,N503,GGACTCCT,TATCCTCT,,,16S,16S_515FPa_overhang,16S_805RAp_overhang,TCGTCGGCAGCGTCAGATGTGTATAAGAGACAGGTGYCAGCMGCCGCGGTAA,GTCTCGTGGGCTCGGAGATGTGTATAAGAGACAGGGACTACNVGGGTWTCTAAT
70_Z,MP_36_16S,Zooplankton,Calanoid,50,3,Virginia,11.6,Yes,1,MP_R2_P1,D5,N705,N504,GGACTCCT,AGAGTAGA,,,16S,16S_515FPa_overhang,16S_805RAp_overhang,TCGTCGGCAGCGTCAGATGTGTATAAGAGACAGGTGYCAGCMGCCGCGGTAA,GTCTCGTGGGCTCGGAGATGTGTATAAGAGACAGGGACTACNVGGGTWTCTAAT
7_Z,MP_37_16S,Zooplankton,Calanoid,50,2,Serene,2.28,Yes,1,MP_R2_P1,E5,N705,N505,GGACTCCT,GTAAGGAG,,,16S,16S_515FPa_overhang,16S_805RAp_overhang,TCGTCGGCAGCGTCAGATGTGTATAAGAGACAGGTGYCAGCMGCCGCGGTAA,GTCTCGTGGGCTCGGAGATGTGTATAAGAGACAGGGACTACNVGGGTWTCTAAT
12_Z22,MP_38_16S,Zooplankton,Daphnia,30,1,Eastern Brook,3.19,Yes,1,MP_R2_P1,F5,N705,N506,GGACTCCT,ACTGCATA,,,16S,16S_515FPa_overhang,16S_805RAp_overhang,TCGTCGGCAGCGTCAGATGTGTATAAGAGACAGGTGYCAGCMGCCGCGGTAA,GTCTCGTGGGCTCGGAGATGTGTATAAGAGACAGGGACTACNVGGGTWTCTAAT
32_Z22,MP_39_16S,Zooplankton,Daphnia,30,1,Cooney,6.18,Yes,1,MP_R2_P1,G5,N705,N507,GGACTCCT,AAGGAGTA,,,16S,16S_515FPa_overhang,16S_805RAp_overhang,TCGTCGGCAGCGTCAGATGTGTATAAGAGACAGGTGYCAGCMGCCGCGGTAA,GTCTCGTGGGCTCGGAGATGTGTATAAGAGACAGGGACTACNVGGGTWTCTAAT
51_Z,MP_40_16S,Zooplankton,Cyclopoid,50,5,Blue,10.7,Yes,1,MP_R2_P1,H5,N705,N508,GGACTCCT,CTAAGCCT,,,16S,16S_515FPa_overhang,16S_805RAp_overhang,TCGTCGGCAGCGTCAGATGTGTATAAGAGACAGGTGYCAGCMGCCGCGGTAA,GTCTCGTGGGCTCGGAGATGTGTATAAGAGACAGGGACTACNVGGGTWTCTAAT
56_Z22,MP_41_16S,Zooplankton,Cyclopoid,50,1,Blue,13.1,Yes,1,MP_R2_P1,A6,N706,N501,TAGGCATG,TAGATCGC,,,16S,16S_515FPa_overhang,16S_805RAp_overhang,TCGTCGGCAGCGTCAGATGTGTATAAGAGACAGGTGYCAGCMGCCGCGGTAA,GTCTCGTGGGCTCGGAGATGTGTATAAGAGACAGGGACTACNVGGGTWTCTAAT
77_Z,MP_42_16S,Zooplankton,Calanoid,50,3,Convict,4.43,Yes,1,MP_R2_P1,B6,N706,N502,TAGGCATG,CTCTCTAT,,,16S,16S_515FPa_overhang,16S_805RAp_overhang,TCGTCGGCAGCGTCAGATGTGTATAAGAGACAGGTGYCAGCMGCCGCGGTAA,GTCTCGTGGGCTCGGAGATGTGTATAAGAGACAGGGACTACNVGGGTWTCTAAT
30_Z,MP_43_16S,Zooplankton,Cyclopoid,50,2,Virginia,12.8,Yes,1,MP_R2_P1,C6,N706,N503,TAGGCATG,TATCCTCT,,,16S,16S_515FPa_overhang,16S_805RAp_overhang,TCGTCGGCAGCGTCAGATGTGTATAAGAGACAGGTGYCAGCMGCCGCGGTAA,GTCTCGTGGGCTCGGAGATGTGTATAAGAGACAGGGACTACNVGGGTWTCTAAT
38_Z,MP_44_16S,Zooplankton,Calanoid,50,2,Virginia,13.8,Yes,1,MP_R2_P1,D6,N706,N504,TAGGCATG,AGAGTAGA,,,16S,16S_515FPa_overhang,16S_805RAp_overhang,TCGTCGGCAGCGTCAGATGTGTATAAGAGACAGGTGYCAGCMGCCGCGGTAA,GTCTCGTGGGCTCGGAGATGTGTATAAGAGACAGGGACTACNVGGGTWTCTAAT
2_Z22,MP_45_16S,Zooplankton,Calanoid,50,1,Convict,10.8,Yes,1,MP_R2_P1,E6,N706,N505,TAGGCATG,GTAAGGAG,,,16S,16S_515FPa_overhang,16S_805RAp_overhang,TCGTCGGCAGCGTCAGATGTGTATAAGAGACAGGTGYCAGCMGCCGCGGTAA,GTCTCGTGGGCTCGGAGATGTGTATAAGAGACAGGGACTACNVGGGTWTCTAAT
75_Z,MP_46_16S,Zooplankton,Cyclopoid,50,3,Virginia,1.71,Yes,1,MP_R2_P1,F6,N706,N506,TAGGCATG,ACTGCATA,,,16S,16S_515FPa_overhang,16S_805RAp_overhang,TCGTCGGCAGCGTCAGATGTGTATAAGAGACAGGTGYCAGCMGCCGCGGTAA,GTCTCGTGGGCTCGGAGATGTGTATAAGAGACAGGGACTACNVGGGTWTCTAAT
PCRpos_1,MP_47_16S,"Control, PCR_POS_1",NA,NA,NA,NA,NA,"Yes, positive (bright band)",1,MP_R2_P1,G6,N706,N507,TAGGCATG,AAGGAGTA,,,16S,16S_515FPa_overhang,16S_805RAp_overhang,TCGTCGGCAGCGTCAGATGTGTATAAGAGACAGGTGYCAGCMGCCGCGGTAA,GTCTCGTGGGCTCGGAGATGTGTATAAGAGACAGGGACTACNVGGGTWTCTAAT
24_Z22,MP_48_16S,Zooplankton,Cyclopoid,50,1,Eastern Brook,18.1,Yes,1,MP_R2_P1,H6,N706,N508,TAGGCATG,CTAAGCCT,,,16S,16S_515FPa_overhang,16S_805RAp_overhang,TCGTCGGCAGCGTCAGATGTGTATAAGAGACAGGTGYCAGCMGCCGCGGTAA,GTCTCGTGGGCTCGGAGATGTGTATAAGAGACAGGGACTACNVGGGTWTCTAAT
52_Z,MP_49_16S,Zooplankton,Cyclopoid,50,5,Blue,8.77,Yes,1,MP_R2_P1,A7,N707,N501,CTCTCTAC,TAGATCGC,,,16S,16S_515FPa_overhang,16S_805RAp_overhang,TCGTCGGCAGCGTCAGATGTGTATAAGAGACAGGTGYCAGCMGCCGCGGTAA,GTCTCGTGGGCTCGGAGATGTGTATAAGAGACAGGGACTACNVGGGTWTCTAAT
3_Z22,MP_50_16S,Zooplankton,Calanoid,50,1,Convict,22.9,Yes,1,MP_R2_P1,B7,N707,N502,CTCTCTAC,CTCTCTAT,,,16S,16S_515FPa_overhang,16S_805RAp_overhang,TCGTCGGCAGCGTCAGATGTGTATAAGAGACAGGTGYCAGCMGCCGCGGTAA,GTCTCGTGGGCTCGGAGATGTGTATAAGAGACAGGGACTACNVGGGTWTCTAAT
73_Z,MP_51_16S,Zooplankton,Cyclopoid,50,3,Virginia,10.9,Yes,1,MP_R2_P1,C7,N707,N503,CTCTCTAC,TATCCTCT,,,16S,16S_515FPa_overhang,16S_805RAp_overhang,TCGTCGGCAGCGTCAGATGTGTATAAGAGACAGGTGYCAGCMGCCGCGGTAA,GTCTCGTGGGCTCGGAGATGTGTATAAGAGACAGGGACTACNVGGGTWTCTAAT
49_Z22,MP_52_16S,Zooplankton,Calanoid,50,1,Serene,21.1,Yes,1,MP_R2_P1,D7,N707,N504,CTCTCTAC,AGAGTAGA,,,16S,16S_515FPa_overhang,16S_805RAp_overhang,TCGTCGGCAGCGTCAGATGTGTATAAGAGACAGGTGYCAGCMGCCGCGGTAA,GTCTCGTGGGCTCGGAGATGTGTATAAGAGACAGGGACTACNVGGGTWTCTAAT
54_Z,MP_53_16S,Zooplankton,Cyclopoid,50,5,Blue,10.1,Yes,1,MP_R2_P1,E7,N707,N505,CTCTCTAC,GTAAGGAG,,,16S,16S_515FPa_overhang,16S_805RAp_overhang,TCGTCGGCAGCGTCAGATGTGTATAAGAGACAGGTGYCAGCMGCCGCGGTAA,GTCTCGTGGGCTCGGAGATGTGTATAAGAGACAGGGACTACNVGGGTWTCTAAT
63_Z,MP_54_16S,Zooplankton,Cyclopoid,50,3,Blue,12.7,Yes,1,MP_R2_P1,F7,N707,N506,CTCTCTAC,ACTGCATA,,,16S,16S_515FPa_overhang,16S_805RAp_overhang,TCGTCGGCAGCGTCAGATGTGTATAAGAGACAGGTGYCAGCMGCCGCGGTAA,GTCTCGTGGGCTCGGAGATGTGTATAAGAGACAGGGACTACNVGGGTWTCTAAT
55_Z22,MP_55_16S,Zooplankton,Cyclopoid,50,1,Blue,30.9,Yes,1,MP_R2_P1,G7,N707,N507,CTCTCTAC,AAGGAGTA,,,16S,16S_515FPa_overhang,16S_805RAp_overhang,TCGTCGGCAGCGTCAGATGTGTATAAGAGACAGGTGYCAGCMGCCGCGGTAA,GTCTCGTGGGCTCGGAGATGTGTATAAGAGACAGGGACTACNVGGGTWTCTAAT
30_Z22,MP_56_16S,Zooplankton,Daphnia,30,1,Cooney,2.24,Yes,1,MP_R2_P1,H7,N707,N508,CTCTCTAC,CTAAGCCT,,,16S,16S_515FPa_overhang,16S_805RAp_overhang,TCGTCGGCAGCGTCAGATGTGTATAAGAGACAGGTGYCAGCMGCCGCGGTAA,GTCTCGTGGGCTCGGAGATGTGTATAAGAGACAGGGACTACNVGGGTWTCTAAT
25_Z22,MP_57_16S,Zooplankton,Cyclopoid,50,1,Cooney,4.91,Yes,1,MP_R2_P1,A8,N708,N501,CAGAGAGG,TAGATCGC,,,16S,16S_515FPa_overhang,16S_805RAp_overhang,TCGTCGGCAGCGTCAGATGTGTATAAGAGACAGGTGYCAGCMGCCGCGGTAA,GTCTCGTGGGCTCGGAGATGTGTATAAGAGACAGGGACTACNVGGGTWTCTAAT
18_Z22,MP_58_16S,Zooplankton,Daphnia,30,1,Eastern Brook,1.65,Yes,1,MP_R2_P1,B8,N708,N502,CAGAGAGG,CTCTCTAT,,,16S,16S_515FPa_overhang,16S_805RAp_overhang,TCGTCGGCAGCGTCAGATGTGTATAAGAGACAGGTGYCAGCMGCCGCGGTAA,GTCTCGTGGGCTCGGAGATGTGTATAAGAGACAGGGACTACNVGGGTWTCTAAT
26_Z,MP_59_16S,Zooplankton,Calanoid,50,2,Convict,13.1,Yes,1,MP_R2_P1,C8,N708,N503,CAGAGAGG,TATCCTCT,,,16S,16S_515FPa_overhang,16S_805RAp_overhang,TCGTCGGCAGCGTCAGATGTGTATAAGAGACAGGTGYCAGCMGCCGCGGTAA,GTCTCGTGGGCTCGGAGATGTGTATAAGAGACAGGGACTACNVGGGTWTCTAAT
29_Z22,MP_60_16S,Zooplankton,Daphnia,30,1,Cooney,2.93,Yes,1,MP_R2_P1,D8,N708,N504,CAGAGAGG,AGAGTAGA,,,16S,16S_515FPa_overhang,16S_805RAp_overhang,TCGTCGGCAGCGTCAGATGTGTATAAGAGACAGGTGYCAGCMGCCGCGGTAA,GTCTCGTGGGCTCGGAGATGTGTATAAGAGACAGGGACTACNVGGGTWTCTAAT
15_Z,MP_61_16S,Zooplankton,Calanoid,50,2,Eastern Brook,6.92,Yes,1,MP_R2_P1,E8,N708,N505,CAGAGAGG,GTAAGGAG,,,16S,16S_515FPa_overhang,16S_805RAp_overhang,TCGTCGGCAGCGTCAGATGTGTATAAGAGACAGGTGYCAGCMGCCGCGGTAA,GTCTCGTGGGCTCGGAGATGTGTATAAGAGACAGGGACTACNVGGGTWTCTAAT
47_Z22,MP_62_16S,Zooplankton,Cyclopoid,50,1,Virginia,7.92,Yes,1,MP_R2_P1,F8,N708,N506,CAGAGAGG,ACTGCATA,,,16S,16S_515FPa_overhang,16S_805RAp_overhang,TCGTCGGCAGCGTCAGATGTGTATAAGAGACAGGTGYCAGCMGCCGCGGTAA,GTCTCGTGGGCTCGGAGATGTGTATAAGAGACAGGGACTACNVGGGTWTCTAAT
35_Z22,MP_63_16S,Zooplankton,Bosmina,35,1,Cooney,0.452,Yes,1,MP_R2_P1,G8,N708,N507,CAGAGAGG,AAGGAGTA,,,16S,16S_515FPa_overhang,16S_805RAp_overhang,TCGTCGGCAGCGTCAGATGTGTATAAGAGACAGGTGYCAGCMGCCGCGGTAA,GTCTCGTGGGCTCGGAGATGTGTATAAGAGACAGGGACTACNVGGGTWTCTAAT
37_Z,MP_64_16S,Zooplankton,Calanoid,50,2,Virginia,17.5,Yes,1,MP_R2_P1,H8,N708,N508,CAGAGAGG,CTAAGCCT,,,16S,16S_515FPa_overhang,16S_805RAp_overhang,TCGTCGGCAGCGTCAGATGTGTATAAGAGACAGGTGYCAGCMGCCGCGGTAA,GTCTCGTGGGCTCGGAGATGTGTATAAGAGACAGGGACTACNVGGGTWTCTAAT
71_Z,MP_65_16S,Zooplankton,Calanoid,50,3,Virginia,14.3,Yes,1,MP_R2_P1,A9,N709,N501,GCTACGCT,TAGATCGC,,,16S,16S_515FPa_overhang,16S_805RAp_overhang,TCGTCGGCAGCGTCAGATGTGTATAAGAGACAGGTGYCAGCMGCCGCGGTAA,GTCTCGTGGGCTCGGAGATGTGTATAAGAGACAGGGACTACNVGGGTWTCTAAT
15_Z22,MP_66_16S,Zooplankton,Calanoid,50,1,Eastern Brook,13.8,Yes,1,MP_R2_P1,B9,N709,N502,GCTACGCT,CTCTCTAT,,,16S,16S_515FPa_overhang,16S_805RAp_overhang,TCGTCGGCAGCGTCAGATGTGTATAAGAGACAGGTGYCAGCMGCCGCGGTAA,GTCTCGTGGGCTCGGAGATGTGTATAAGAGACAGGGACTACNVGGGTWTCTAAT
93_Z,MP_67_16S,Zooplankton,Cyclopoid,50,3,Cooney,6.49,Yes,1,MP_R2_P1,C9,N709,N503,GCTACGCT,TATCCTCT,,,16S,16S_515FPa_overhang,16S_805RAp_overhang,TCGTCGGCAGCGTCAGATGTGTATAAGAGACAGGTGYCAGCMGCCGCGGTAA,GTCTCGTGGGCTCGGAGATGTGTATAAGAGACAGGGACTACNVGGGTWTCTAAT
PCRneg_2,MP_68_16S,"Control, PCR_NEG_2",NA,NA,NA,NA,NA,"Yes, negative (no band)",1,MP_R2_P1,D9,N709,N504,GCTACGCT,AGAGTAGA,,,16S,16S_515FPa_overhang,16S_805RAp_overhang,TCGTCGGCAGCGTCAGATGTGTATAAGAGACAGGTGYCAGCMGCCGCGGTAA,GTCTCGTGGGCTCGGAGATGTGTATAAGAGACAGGGACTACNVGGGTWTCTAAT
18_Z,MP_69_16S,Zooplankton,Cyclopoid,50,2,Blue,3.37,Yes,1,MP_R2_P1,E9,N709,N505,GCTACGCT,GTAAGGAG,,,16S,16S_515FPa_overhang,16S_805RAp_overhang,TCGTCGGCAGCGTCAGATGTGTATAAGAGACAGGTGYCAGCMGCCGCGGTAA,GTCTCGTGGGCTCGGAGATGTGTATAAGAGACAGGGACTACNVGGGTWTCTAAT
9_Z,MP_70_16S,Zooplankton,Calanoid,50,2,Serene,4.23,Yes,1,MP_R2_P1,F9,N709,N506,GCTACGCT,ACTGCATA,,,16S,16S_515FPa_overhang,16S_805RAp_overhang,TCGTCGGCAGCGTCAGATGTGTATAAGAGACAGGTGYCAGCMGCCGCGGTAA,GTCTCGTGGGCTCGGAGATGTGTATAAGAGACAGGGACTACNVGGGTWTCTAAT
13_Z22,MP_71_16S,Zooplankton,Daphnia,30,1,Eastern Brook,1.25,Yes,1,MP_R2_P1,G9,N709,N507,GCTACGCT,AAGGAGTA,,,16S,16S_515FPa_overhang,16S_805RAp_overhang,TCGTCGGCAGCGTCAGATGTGTATAAGAGACAGGTGYCAGCMGCCGCGGTAA,GTCTCGTGGGCTCGGAGATGTGTATAAGAGACAGGGACTACNVGGGTWTCTAAT
39_Z22,MP_72_16S,Zooplankton,Daphnia,30,1,Virginia,5.33,Yes,1,MP_R2_P1,H9,N709,N508,GCTACGCT,CTAAGCCT,,,16S,16S_515FPa_overhang,16S_805RAp_overhang,TCGTCGGCAGCGTCAGATGTGTATAAGAGACAGGTGYCAGCMGCCGCGGTAA,GTCTCGTGGGCTCGGAGATGTGTATAAGAGACAGGGACTACNVGGGTWTCTAAT
48_Z,MP_73_16S,Zooplankton,Daphnia,30,5,Blue,2.16,Yes,1,MP_R2_P1,A10,N710,N501,CGAGGCTG,TAGATCGC,,,16S,16S_515FPa_overhang,16S_805RAp_overhang,TCGTCGGCAGCGTCAGATGTGTATAAGAGACAGGTGYCAGCMGCCGCGGTAA,GTCTCGTGGGCTCGGAGATGTGTATAAGAGACAGGGACTACNVGGGTWTCTAAT
62_Z,MP_74_16S,Zooplankton,Cyclopoid,50,3,Blue,9.88,Yes,1,MP_R2_P1,B10,N710,N502,CGAGGCTG,CTCTCTAT,,,16S,16S_515FPa_overhang,16S_805RAp_overhang,TCGTCGGCAGCGTCAGATGTGTATAAGAGACAGGTGYCAGCMGCCGCGGTAA,GTCTCGTGGGCTCGGAGATGTGTATAAGAGACAGGGACTACNVGGGTWTCTAAT
6_Z,MP_75_16S,Zooplankton,Calanoid,50,2,Eastern Brook,5.77,Yes,1,MP_R2_P1,C10,N710,N503,CGAGGCTG,TATCCTCT,,,16S,16S_515FPa_overhang,16S_805RAp_overhang,TCGTCGGCAGCGTCAGATGTGTATAAGAGACAGGTGYCAGCMGCCGCGGTAA,GTCTCGTGGGCTCGGAGATGTGTATAAGAGACAGGGACTACNVGGGTWTCTAAT
4_Z22,MP_76_16S,Zooplankton,Calanoid,50,1,Convict,49.8,Yes,1,MP_R2_P1,D10,N710,N504,CGAGGCTG,AGAGTAGA,,,16S,16S_515FPa_overhang,16S_805RAp_overhang,TCGTCGGCAGCGTCAGATGTGTATAAGAGACAGGTGYCAGCMGCCGCGGTAA,GTCTCGTGGGCTCGGAGATGTGTATAAGAGACAGGGACTACNVGGGTWTCTAAT
40_Z,MP_77_16S,Zooplankton,Daphnia,30,2,Cooney,2.4,Yes,1,MP_R2_P1,E10,N710,N505,CGAGGCTG,GTAAGGAG,,,16S,16S_515FPa_overhang,16S_805RAp_overhang,TCGTCGGCAGCGTCAGATGTGTATAAGAGACAGGTGYCAGCMGCCGCGGTAA,GTCTCGTGGGCTCGGAGATGTGTATAAGAGACAGGGACTACNVGGGTWTCTAAT
DNActrl_6,MP_78_16S,"Control, DNA_CTRL_6",NA,NA,NA,NA,NA,"Yes, negative (no band)",1,MP_R2_P1,F10,N710,N506,CGAGGCTG,ACTGCATA,,,16S,16S_515FPa_overhang,16S_805RAp_overhang,TCGTCGGCAGCGTCAGATGTGTATAAGAGACAGGTGYCAGCMGCCGCGGTAA,GTCTCGTGGGCTCGGAGATGTGTATAAGAGACAGGGACTACNVGGGTWTCTAAT
41_Z22,MP_79_16S,Zooplankton,Daphnia,100,1,Virginia,5.54,Yes,1,MP_R2_P1,G10,N710,N507,CGAGGCTG,AAGGAGTA,,,16S,16S_515FPa_overhang,16S_805RAp_overhang,TCGTCGGCAGCGTCAGATGTGTATAAGAGACAGGTGYCAGCMGCCGCGGTAA,GTCTCGTGGGCTCGGAGATGTGTATAAGAGACAGGGACTACNVGGGTWTCTAAT
36_Z22,MP_80_16S,Zooplankton,Daphnia,30,1,Virginia,3.56,Yes,1,MP_R2_P1,H10,N710,N508,CGAGGCTG,CTAAGCCT,,,16S,16S_515FPa_overhang,16S_805RAp_overhang,TCGTCGGCAGCGTCAGATGTGTATAAGAGACAGGTGYCAGCMGCCGCGGTAA,GTCTCGTGGGCTCGGAGATGTGTATAAGAGACAGGGACTACNVGGGTWTCTAAT
43_Z22,MP_81_16S,Zooplankton,Cyclopoid,50,1,Virginia,4.09,Yes,1,MP_R2_P1,A11,N711,N501,AAGAGGCA,TAGATCGC,,,16S,16S_515FPa_overhang,16S_805RAp_overhang,TCGTCGGCAGCGTCAGATGTGTATAAGAGACAGGTGYCAGCMGCCGCGGTAA,GTCTCGTGGGCTCGGAGATGTGTATAAGAGACAGGGACTACNVGGGTWTCTAAT
25_Z,MP_82_16S,Zooplankton,Cyclopoid,20,2,Blue,11.1,Yes,1,MP_R2_P1,B11,N711,N502,AAGAGGCA,CTCTCTAT,,,16S,16S_515FPa_overhang,16S_805RAp_overhang,TCGTCGGCAGCGTCAGATGTGTATAAGAGACAGGTGYCAGCMGCCGCGGTAA,GTCTCGTGGGCTCGGAGATGTGTATAAGAGACAGGGACTACNVGGGTWTCTAAT
27_Z22,MP_83_16S,Zooplankton,Daphnia,30,1,Cooney,1.28,Yes,1,MP_R2_P1,C11,N711,N503,AAGAGGCA,TATCCTCT,,,16S,16S_515FPa_overhang,16S_805RAp_overhang,TCGTCGGCAGCGTCAGATGTGTATAAGAGACAGGTGYCAGCMGCCGCGGTAA,GTCTCGTGGGCTCGGAGATGTGTATAAGAGACAGGGACTACNVGGGTWTCTAAT
45_Z,MP_84_16S,Zooplankton,Calanoid,50,2,Cooney,15.1,Yes,1,MP_R2_P1,D11,N711,N504,AAGAGGCA,AGAGTAGA,,,16S,16S_515FPa_overhang,16S_805RAp_overhang,TCGTCGGCAGCGTCAGATGTGTATAAGAGACAGGTGYCAGCMGCCGCGGTAA,GTCTCGTGGGCTCGGAGATGTGTATAAGAGACAGGGACTACNVGGGTWTCTAAT
50_Z22,MP_85_16S,Zooplankton,Calanoid,50,1,Serene,20.7,Yes,1,MP_R2_P1,E11,N711,N505,AAGAGGCA,GTAAGGAG,,,16S,16S_515FPa_overhang,16S_805RAp_overhang,TCGTCGGCAGCGTCAGATGTGTATAAGAGACAGGTGYCAGCMGCCGCGGTAA,GTCTCGTGGGCTCGGAGATGTGTATAAGAGACAGGGACTACNVGGGTWTCTAAT
21_Z22,MP_86_16S,Zooplankton,Calanoid,50,1,Eastern Brook,13.6,Yes,1,MP_R2_P1,F11,N711,N506,AAGAGGCA,ACTGCATA,,,16S,16S_515FPa_overhang,16S_805RAp_overhang,TCGTCGGCAGCGTCAGATGTGTATAAGAGACAGGTGYCAGCMGCCGCGGTAA,GTCTCGTGGGCTCGGAGATGTGTATAAGAGACAGGGACTACNVGGGTWTCTAAT
40_Z22,MP_87_16S,Zooplankton,Daphnia,30,1,Virginia,1.8,Yes,1,MP_R2_P1,G11,N711,N507,AAGAGGCA,AAGGAGTA,,,16S,16S_515FPa_overhang,16S_805RAp_overhang,TCGTCGGCAGCGTCAGATGTGTATAAGAGACAGGTGYCAGCMGCCGCGGTAA,GTCTCGTGGGCTCGGAGATGTGTATAAGAGACAGGGACTACNVGGGTWTCTAAT
5_Z,MP_88_16S,Zooplankton,Calanoid,50,2,Eastern Brook,14.1,Yes,1,MP_R2_P1,H11,N711,N508,AAGAGGCA,CTAAGCCT,,,16S,16S_515FPa_overhang,16S_805RAp_overhang,TCGTCGGCAGCGTCAGATGTGTATAAGAGACAGGTGYCAGCMGCCGCGGTAA,GTCTCGTGGGCTCGGAGATGTGTATAAGAGACAGGGACTACNVGGGTWTCTAAT
52_Z22,MP_89_16S,Zooplankton,Calanoid,50,1,Serene,29.6,Yes,1,MP_R2_P1,A12,N712,N501,GTAGAGGA,TAGATCGC,,,16S,16S_515FPa_overhang,16S_805RAp_overhang,TCGTCGGCAGCGTCAGATGTGTATAAGAGACAGGTGYCAGCMGCCGCGGTAA,GTCTCGTGGGCTCGGAGATGTGTATAAGAGACAGGGACTACNVGGGTWTCTAAT
76_Z,MP_90_16S,Zooplankton,Calanoid,50,3,Convict,8.1,Yes,1,MP_R2_P1,B12,N712,N502,GTAGAGGA,CTCTCTAT,,,16S,16S_515FPa_overhang,16S_805RAp_overhang,TCGTCGGCAGCGTCAGATGTGTATAAGAGACAGGTGYCAGCMGCCGCGGTAA,GTCTCGTGGGCTCGGAGATGTGTATAAGAGACAGGGACTACNVGGGTWTCTAAT
44_Z22,MP_91_16S,Zooplankton,Cyclopoid,50,1,Virginia,4.42,Yes,1,MP_R2_P1,C12,N712,N503,GTAGAGGA,TATCCTCT,,,16S,16S_515FPa_overhang,16S_805RAp_overhang,TCGTCGGCAGCGTCAGATGTGTATAAGAGACAGGTGYCAGCMGCCGCGGTAA,GTCTCGTGGGCTCGGAGATGTGTATAAGAGACAGGGACTACNVGGGTWTCTAAT
17_Z,MP_92_16S,Zooplankton,Calanoid,50,2,Convict,6.89,Yes,1,MP_R2_P1,D12,N712,N504,GTAGAGGA,AGAGTAGA,,,16S,16S_515FPa_overhang,16S_805RAp_overhang,TCGTCGGCAGCGTCAGATGTGTATAAGAGACAGGTGYCAGCMGCCGCGGTAA,GTCTCGTGGGCTCGGAGATGTGTATAAGAGACAGGGACTACNVGGGTWTCTAAT
8_Z,MP_93_16S,Zooplankton,Calanoid,50,2,Serene,0.957,Yes,1,MP_R2_P1,E12,N712,N505,GTAGAGGA,GTAAGGAG,,,16S,16S_515FPa_overhang,16S_805RAp_overhang,TCGTCGGCAGCGTCAGATGTGTATAAGAGACAGGTGYCAGCMGCCGCGGTAA,GTCTCGTGGGCTCGGAGATGTGTATAAGAGACAGGGACTACNVGGGTWTCTAAT
53_Z,MP_94_16S,Zooplankton,Cyclopoid,50,5,Blue,10.2,Yes,1,MP_R2_P1,F12,N712,N506,GTAGAGGA,ACTGCATA,,,16S,16S_515FPa_overhang,16S_805RAp_overhang,TCGTCGGCAGCGTCAGATGTGTATAAGAGACAGGTGYCAGCMGCCGCGGTAA,GTCTCGTGGGCTCGGAGATGTGTATAAGAGACAGGGACTACNVGGGTWTCTAAT
32_Z,MP_95_16S,Zooplankton,Cyclopoid,50,2,Virginia,9.67,Yes,1,MP_R2_P1,G12,N712,N507,GTAGAGGA,AAGGAGTA,,,16S,16S_515FPa_overhang,16S_805RAp_overhang,TCGTCGGCAGCGTCAGATGTGTATAAGAGACAGGTGYCAGCMGCCGCGGTAA,GTCTCGTGGGCTCGGAGATGTGTATAAGAGACAGGGACTACNVGGGTWTCTAAT
72_Z,MP_96_16S,Zooplankton,Calanoid,50,3,Virginia,10.3,Yes,1,MP_R2_P1,H12,N712,N508,GTAGAGGA,CTAAGCCT,,,16S,16S_515FPa_overhang,16S_805RAp_overhang,TCGTCGGCAGCGTCAGATGTGTATAAGAGACAGGTGYCAGCMGCCGCGGTAA,GTCTCGTGGGCTCGGAGATGTGTATAAGAGACAGGGACTACNVGGGTWTCTAAT
2_Z,MP_97_16S,Zooplankton,Daphnia,30,2,Eastern Brook,too low,Yes,2,MP_R2_P2,A1,N701,N510,TAAGGCGA,CGTCTAAT,,,16S,16S_515FPa_overhang,16S_805RAp_overhang,TCGTCGGCAGCGTCAGATGTGTATAAGAGACAGGTGYCAGCMGCCGCGGTAA,GTCTCGTGGGCTCGGAGATGTGTATAAGAGACAGGGACTACNVGGGTWTCTAAT
38_Z22,MP_98_16S,Zooplankton,Daphnia,30,1,Virginia,0.816,Yes,2,MP_R2_P2,B1,N701,N511,TAAGGCGA,TCTCTCCG,,,16S,16S_515FPa_overhang,16S_805RAp_overhang,TCGTCGGCAGCGTCAGATGTGTATAAGAGACAGGTGYCAGCMGCCGCGGTAA,GTCTCGTGGGCTCGGAGATGTGTATAAGAGACAGGGACTACNVGGGTWTCTAAT
100_Z,MP_99_16S,Zooplankton,Daphnia,30,3,Eastern Brook,0.796,Yes,2,MP_R2_P2,C1,N701,N513,TAAGGCGA,TCGACTAG,,,16S,16S_515FPa_overhang,16S_805RAp_overhang,TCGTCGGCAGCGTCAGATGTGTATAAGAGACAGGTGYCAGCMGCCGCGGTAA,GTCTCGTGGGCTCGGAGATGTGTATAAGAGACAGGGACTACNVGGGTWTCTAAT
84_Z,MP_100_16S,Zooplankton,Bosmina,50,3,Convict,too low,Yes,2,MP_R2_P2,D1,N701,N515,TAAGGCGA,TTCTAGCT,,,16S,16S_515FPa_overhang,16S_805RAp_overhang,TCGTCGGCAGCGTCAGATGTGTATAAGAGACAGGTGYCAGCMGCCGCGGTAA,GTCTCGTGGGCTCGGAGATGTGTATAAGAGACAGGGACTACNVGGGTWTCTAAT
10_Z22,MP_101_16S,Zooplankton,Daphnia,20,1,Convict,0.735,Yes,2,MP_R2_P2,E1,N701,N516,TAAGGCGA,CCTAGAGT,,,16S,16S_515FPa_overhang,16S_805RAp_overhang,TCGTCGGCAGCGTCAGATGTGTATAAGAGACAGGTGYCAGCMGCCGCGGTAA,GTCTCGTGGGCTCGGAGATGTGTATAAGAGACAGGGACTACNVGGGTWTCTAAT
116_Z,MP_102_16S,Zooplankton,Large Calanoid,10,3,Serene,1.5,Yes,2,MP_R2_P2,F1,N701,N517,TAAGGCGA,GCGTAAGA,,,16S,16S_515FPa_overhang,16S_805RAp_overhang,TCGTCGGCAGCGTCAGATGTGTATAAGAGACAGGTGYCAGCMGCCGCGGTAA,GTCTCGTGGGCTCGGAGATGTGTATAAGAGACAGGGACTACNVGGGTWTCTAAT
102_Z,MP_103_16S,Zooplankton,Daphnia,30,3,Eastern Brook,0.144,Yes,2,MP_R2_P2,G1,N701,N518,TAAGGCGA,CTATTAAG,,,16S,16S_515FPa_overhang,16S_805RAp_overhang,TCGTCGGCAGCGTCAGATGTGTATAAGAGACAGGTGYCAGCMGCCGCGGTAA,GTCTCGTGGGCTCGGAGATGTGTATAAGAGACAGGGACTACNVGGGTWTCTAAT
59_Z,MP_104_16S,Zooplankton,Daphnia,30,3,Blue,1.29,Yes,2,MP_R2_P2,H1,N701,N520,TAAGGCGA,AAGGCTAT,,,16S,16S_515FPa_overhang,16S_805RAp_overhang,TCGTCGGCAGCGTCAGATGTGTATAAGAGACAGGTGYCAGCMGCCGCGGTAA,GTCTCGTGGGCTCGGAGATGTGTATAAGAGACAGGGACTACNVGGGTWTCTAAT
DNActrl_1,MP_105_16S,DNA_CTRL_1,NA,NA,NA,NA,NA,"Yes, negative (no band)",2,MP_R2_P2,A2,N702,N510,CGTACTAG,CGTCTAAT,,,16S,16S_515FPa_overhang,16S_805RAp_overhang,TCGTCGGCAGCGTCAGATGTGTATAAGAGACAGGTGYCAGCMGCCGCGGTAA,GTCTCGTGGGCTCGGAGATGTGTATAAGAGACAGGGACTACNVGGGTWTCTAAT
113_Z,MP_106_16S,Zooplankton,Calanoid,50,3,Serene,14.4,Yes,2,MP_R2_P2,B2,N702,N511,CGTACTAG,TCTCTCCG,,,16S,16S_515FPa_overhang,16S_805RAp_overhang,TCGTCGGCAGCGTCAGATGTGTATAAGAGACAGGTGYCAGCMGCCGCGGTAA,GTCTCGTGGGCTCGGAGATGTGTATAAGAGACAGGGACTACNVGGGTWTCTAAT
90_Z,MP_107_16S,Zooplankton,Daphnia,30,3,Cooney,too low,Yes,2,MP_R2_P2,C2,N702,N513,CGTACTAG,TCGACTAG,,,16S,16S_515FPa_overhang,16S_805RAp_overhang,TCGTCGGCAGCGTCAGATGTGTATAAGAGACAGGTGYCAGCMGCCGCGGTAA,GTCTCGTGGGCTCGGAGATGTGTATAAGAGACAGGGACTACNVGGGTWTCTAAT
34_Z22,MP_108_16S,Zooplankton,Calanoid,123,1,Cooney,17.6,Yes,2,MP_R2_P2,D2,N702,N515,CGTACTAG,TTCTAGCT,,,16S,16S_515FPa_overhang,16S_805RAp_overhang,TCGTCGGCAGCGTCAGATGTGTATAAGAGACAGGTGYCAGCMGCCGCGGTAA,GTCTCGTGGGCTCGGAGATGTGTATAAGAGACAGGGACTACNVGGGTWTCTAAT
61_Z,MP_109_16S,Zooplankton,Daphnia,30,3,Blue,1.03,Yes,2,MP_R2_P2,E2,N702,N516,CGTACTAG,CCTAGAGT,,,16S,16S_515FPa_overhang,16S_805RAp_overhang,TCGTCGGCAGCGTCAGATGTGTATAAGAGACAGGTGYCAGCMGCCGCGGTAA,GTCTCGTGGGCTCGGAGATGTGTATAAGAGACAGGGACTACNVGGGTWTCTAAT
87_Z,MP_110_16S,Zooplankton,Bosmina,50,3,Convict,too low,Yes,2,MP_R2_P2,F2,N702,N517,CGTACTAG,GCGTAAGA,,,16S,16S_515FPa_overhang,16S_805RAp_overhang,TCGTCGGCAGCGTCAGATGTGTATAAGAGACAGGTGYCAGCMGCCGCGGTAA,GTCTCGTGGGCTCGGAGATGTGTATAAGAGACAGGGACTACNVGGGTWTCTAAT
118_Z,MP_111_16S,Zooplankton,Daphnia,30,3,Serene,0.189,Yes,2,MP_R2_P2,G2,N702,N518,CGTACTAG,CTATTAAG,,,16S,16S_515FPa_overhang,16S_805RAp_overhang,TCGTCGGCAGCGTCAGATGTGTATAAGAGACAGGTGYCAGCMGCCGCGGTAA,GTCTCGTGGGCTCGGAGATGTGTATAAGAGACAGGGACTACNVGGGTWTCTAAT
19_Z22,MP_112_16S,Zooplankton,Bosmina,50,1,Eastern Brook,0.313,Yes,2,MP_R2_P2,H2,N702,N520,CGTACTAG,AAGGCTAT,,,16S,16S_515FPa_overhang,16S_805RAp_overhang,TCGTCGGCAGCGTCAGATGTGTATAAGAGACAGGTGYCAGCMGCCGCGGTAA,GTCTCGTGGGCTCGGAGATGTGTATAAGAGACAGGGACTACNVGGGTWTCTAAT
33_Z22,MP_113_16S,Zooplankton,Daphnia,100,1,Cooney,2.86,Yes,2,MP_R2_P2,A3,N703,N510,AGGCAGAA,CGTCTAAT,,,16S,16S_515FPa_overhang,16S_805RAp_overhang,TCGTCGGCAGCGTCAGATGTGTATAAGAGACAGGTGYCAGCMGCCGCGGTAA,GTCTCGTGGGCTCGGAGATGTGTATAAGAGACAGGGACTACNVGGGTWTCTAAT
3_Z,MP_114_16S,Zooplankton,Daphnia,30,2,Eastern Brook,too low,Yes,2,MP_R2_P2,B3,N703,N511,AGGCAGAA,TCTCTCCG,,,16S,16S_515FPa_overhang,16S_805RAp_overhang,TCGTCGGCAGCGTCAGATGTGTATAAGAGACAGGTGYCAGCMGCCGCGGTAA,GTCTCGTGGGCTCGGAGATGTGTATAAGAGACAGGGACTACNVGGGTWTCTAAT
67_Z,MP_115_16S,Zooplankton,Daphnia,30,3,Virginia,0.053,Yes,2,MP_R2_P2,C3,N703,N513,AGGCAGAA,TCGACTAG,,,16S,16S_515FPa_overhang,16S_805RAp_overhang,TCGTCGGCAGCGTCAGATGTGTATAAGAGACAGGTGYCAGCMGCCGCGGTAA,GTCTCGTGGGCTCGGAGATGTGTATAAGAGACAGGGACTACNVGGGTWTCTAAT
59_Z22,MP_116_16S,Zooplankton,Daphnia,30,1,Blue,1.36,Yes,2,MP_R2_P2,D3,N703,N515,AGGCAGAA,TTCTAGCT,,,16S,16S_515FPa_overhang,16S_805RAp_overhang,TCGTCGGCAGCGTCAGATGTGTATAAGAGACAGGTGYCAGCMGCCGCGGTAA,GTCTCGTGGGCTCGGAGATGTGTATAAGAGACAGGGACTACNVGGGTWTCTAAT
106_Z,MP_117_16S,Zooplankton,Calanoid,50,3,Eastern Brook,19.6,Yes,2,MP_R2_P2,E3,N703,N516,AGGCAGAA,CCTAGAGT,,,16S,16S_515FPa_overhang,16S_805RAp_overhang,TCGTCGGCAGCGTCAGATGTGTATAAGAGACAGGTGYCAGCMGCCGCGGTAA,GTCTCGTGGGCTCGGAGATGTGTATAAGAGACAGGGACTACNVGGGTWTCTAAT
22_Z,MP_118_16S,Zooplankton,Daphnia,30,2,Blue,too low,Yes,2,MP_R2_P2,F3,N703,N517,AGGCAGAA,GCGTAAGA,,,16S,16S_515FPa_overhang,16S_805RAp_overhang,TCGTCGGCAGCGTCAGATGTGTATAAGAGACAGGTGYCAGCMGCCGCGGTAA,GTCTCGTGGGCTCGGAGATGTGTATAAGAGACAGGGACTACNVGGGTWTCTAAT
97_Z,MP_119_16S,Zooplankton,Calanoid,50,3,Cooney,14.5,Yes,2,MP_R2_P2,G3,N703,N518,AGGCAGAA,CTATTAAG,,,16S,16S_515FPa_overhang,16S_805RAp_overhang,TCGTCGGCAGCGTCAGATGTGTATAAGAGACAGGTGYCAGCMGCCGCGGTAA,GTCTCGTGGGCTCGGAGATGTGTATAAGAGACAGGGACTACNVGGGTWTCTAAT
PCRpos_2,MP_120_16S,"Control, PCR_POS_2",NA,NA,NA,NA,NA,"Yes, positive (bright band)",2,MP_R2_P2,H3,N703,N520,AGGCAGAA,AAGGCTAT,,,16S,16S_515FPa_overhang,16S_805RAp_overhang,TCGTCGGCAGCGTCAGATGTGTATAAGAGACAGGTGYCAGCMGCCGCGGTAA,GTCTCGTGGGCTCGGAGATGTGTATAAGAGACAGGGACTACNVGGGTWTCTAAT
112_Z,MP_121_16S,Zooplankton,Calanoid,50,3,Serene,14.7,Yes,2,MP_R2_P2,A4,N704,N510,TCCTGAGC,CGTCTAAT,,,16S,16S_515FPa_overhang,16S_805RAp_overhang,TCGTCGGCAGCGTCAGATGTGTATAAGAGACAGGTGYCAGCMGCCGCGGTAA,GTCTCGTGGGCTCGGAGATGTGTATAAGAGACAGGGACTACNVGGGTWTCTAAT
101_Z,MP_122_16S,Zooplankton,Daphnia,30,3,Eastern Brook,0.471,Yes,2,MP_R2_P2,B4,N704,N511,TCCTGAGC,TCTCTCCG,,,16S,16S_515FPa_overhang,16S_805RAp_overhang,TCGTCGGCAGCGTCAGATGTGTATAAGAGACAGGTGYCAGCMGCCGCGGTAA,GTCTCGTGGGCTCGGAGATGTGTATAAGAGACAGGGACTACNVGGGTWTCTAAT
8_Z22,MP_123_16S,Zooplankton,Daphnia,20,1,Convict,0.545,Yes,2,MP_R2_P2,C4,N704,N513,TCCTGAGC,TCGACTAG,,,16S,16S_515FPa_overhang,16S_805RAp_overhang,TCGTCGGCAGCGTCAGATGTGTATAAGAGACAGGTGYCAGCMGCCGCGGTAA,GTCTCGTGGGCTCGGAGATGTGTATAAGAGACAGGGACTACNVGGGTWTCTAAT
98_Z,MP_124_16S,Zooplankton,Calanoid,50,3,Cooney,15.7,Yes,2,MP_R2_P2,D4,N704,N515,TCCTGAGC,TTCTAGCT,,,16S,16S_515FPa_overhang,16S_805RAp_overhang,TCGTCGGCAGCGTCAGATGTGTATAAGAGACAGGTGYCAGCMGCCGCGGTAA,GTCTCGTGGGCTCGGAGATGTGTATAAGAGACAGGGACTACNVGGGTWTCTAAT
9_Z22,MP_125_16S,Zooplankton,Daphnia,20,1,Convict,0.347,Yes,2,MP_R2_P2,E4,N704,N516,TCCTGAGC,CCTAGAGT,,,16S,16S_515FPa_overhang,16S_805RAp_overhang,TCGTCGGCAGCGTCAGATGTGTATAAGAGACAGGTGYCAGCMGCCGCGGTAA,GTCTCGTGGGCTCGGAGATGTGTATAAGAGACAGGGACTACNVGGGTWTCTAAT
117_Z,MP_126_16S,Zooplankton,Daphnia,30,3,Serene,1.09,Yes,2,MP_R2_P2,F4,N704,N517,TCCTGAGC,GCGTAAGA,,,16S,16S_515FPa_overhang,16S_805RAp_overhang,TCGTCGGCAGCGTCAGATGTGTATAAGAGACAGGTGYCAGCMGCCGCGGTAA,GTCTCGTGGGCTCGGAGATGTGTATAAGAGACAGGGACTACNVGGGTWTCTAAT
41_Z,MP_127_16S,Zooplankton,Daphnia,30,2,Cooney,0.781,Yes,2,MP_R2_P2,G4,N704,N518,TCCTGAGC,CTATTAAG,,,16S,16S_515FPa_overhang,16S_805RAp_overhang,TCGTCGGCAGCGTCAGATGTGTATAAGAGACAGGTGYCAGCMGCCGCGGTAA,GTCTCGTGGGCTCGGAGATGTGTATAAGAGACAGGGACTACNVGGGTWTCTAAT
110_Z,MP_128_16S,Zooplankton,Cyclopoid,50,3,Eastern Brook,4.86,Yes,2,MP_R2_P2,H4,N704,N520,TCCTGAGC,AAGGCTAT,,,16S,16S_515FPa_overhang,16S_805RAp_overhang,TCGTCGGCAGCGTCAGATGTGTATAAGAGACAGGTGYCAGCMGCCGCGGTAA,GTCTCGTGGGCTCGGAGATGTGTATAAGAGACAGGGACTACNVGGGTWTCTAAT
85_Z,MP_129_16S,Zooplankton,Bosmina,50,3,Convict,too low,Yes,2,MP_R2_P2,A5,N705,N510,GGACTCCT,CGTCTAAT,,,16S,16S_515FPa_overhang,16S_805RAp_overhang,TCGTCGGCAGCGTCAGATGTGTATAAGAGACAGGTGYCAGCMGCCGCGGTAA,GTCTCGTGGGCTCGGAGATGTGTATAAGAGACAGGGACTACNVGGGTWTCTAAT
49_Z,MP_130_16S,Zooplankton,Daphnia,30,5,Blue,0.845,Yes,2,MP_R2_P2,B5,N705,N511,GGACTCCT,TCTCTCCG,,,16S,16S_515FPa_overhang,16S_805RAp_overhang,TCGTCGGCAGCGTCAGATGTGTATAAGAGACAGGTGYCAGCMGCCGCGGTAA,GTCTCGTGGGCTCGGAGATGTGTATAAGAGACAGGGACTACNVGGGTWTCTAAT
111_Z,MP_131_16S,Zooplankton,Holopedium,8,3,Eastern Brook,1.04,Yes,2,MP_R2_P2,C5,N705,N513,GGACTCCT,TCGACTAG,,,16S,16S_515FPa_overhang,16S_805RAp_overhang,TCGTCGGCAGCGTCAGATGTGTATAAGAGACAGGTGYCAGCMGCCGCGGTAA,GTCTCGTGGGCTCGGAGATGTGTATAAGAGACAGGGACTACNVGGGTWTCTAAT
48_Z22,MP_132_16S,Zooplankton,Cyclopoid,98,1,Virginia,20.6,Yes,2,MP_R2_P2,D5,N705,N515,GGACTCCT,TTCTAGCT,,,16S,16S_515FPa_overhang,16S_805RAp_overhang,TCGTCGGCAGCGTCAGATGTGTATAAGAGACAGGTGYCAGCMGCCGCGGTAA,GTCTCGTGGGCTCGGAGATGTGTATAAGAGACAGGGACTACNVGGGTWTCTAAT
83_Z,MP_133_16S,Zooplankton,Daphnia,30,3,Convict,0.633,Yes,2,MP_R2_P2,E5,N705,N516,GGACTCCT,CCTAGAGT,,,16S,16S_515FPa_overhang,16S_805RAp_overhang,TCGTCGGCAGCGTCAGATGTGTATAAGAGACAGGTGYCAGCMGCCGCGGTAA,GTCTCGTGGGCTCGGAGATGTGTATAAGAGACAGGGACTACNVGGGTWTCTAAT
20_Z22,MP_134_16S,Zooplankton,Cyclopoid,50,1,Eastern Brook,5.77,Yes,2,MP_R2_P2,F5,N705,N517,GGACTCCT,GCGTAAGA,,,16S,16S_515FPa_overhang,16S_805RAp_overhang,TCGTCGGCAGCGTCAGATGTGTATAAGAGACAGGTGYCAGCMGCCGCGGTAA,GTCTCGTGGGCTCGGAGATGTGTATAAGAGACAGGGACTACNVGGGTWTCTAAT
124_Z,MP_135_16S,Zooplankton,Holopedium,10,3,Serene,0.583,Yes,2,MP_R2_P2,G5,N705,N518,GGACTCCT,CTATTAAG,,,16S,16S_515FPa_overhang,16S_805RAp_overhang,TCGTCGGCAGCGTCAGATGTGTATAAGAGACAGGTGYCAGCMGCCGCGGTAA,GTCTCGTGGGCTCGGAGATGTGTATAAGAGACAGGGACTACNVGGGTWTCTAAT
17_Z22,MP_136_16S,Zooplankton,Daphnia,30,1,Eastern Brook,0.17,Yes,2,MP_R2_P2,H5,N705,N520,GGACTCCT,AAGGCTAT,,,16S,16S_515FPa_overhang,16S_805RAp_overhang,TCGTCGGCAGCGTCAGATGTGTATAAGAGACAGGTGYCAGCMGCCGCGGTAA,GTCTCGTGGGCTCGGAGATGTGTATAAGAGACAGGGACTACNVGGGTWTCTAAT
21_Z,MP_137_16S,Zooplankton,Daphnia,30,2,Blue,0.354,Yes,2,MP_R2_P2,A6,N706,N510,TAGGCATG,CGTCTAAT,,,16S,16S_515FPa_overhang,16S_805RAp_overhang,TCGTCGGCAGCGTCAGATGTGTATAAGAGACAGGTGYCAGCMGCCGCGGTAA,GTCTCGTGGGCTCGGAGATGTGTATAAGAGACAGGGACTACNVGGGTWTCTAAT
96_Z,MP_138_16S,Zooplankton,Calanoid,50,3,Cooney,7.55,Yes,2,MP_R2_P2,B6,N706,N511,TAGGCATG,TCTCTCCG,,,16S,16S_515FPa_overhang,16S_805RAp_overhang,TCGTCGGCAGCGTCAGATGTGTATAAGAGACAGGTGYCAGCMGCCGCGGTAA,GTCTCGTGGGCTCGGAGATGTGTATAAGAGACAGGGACTACNVGGGTWTCTAAT
58_Z22,MP_139_16S,Zooplankton,Daphnia,30,1,Blue,2.04,Yes,2,MP_R2_P2,C6,N706,N513,TAGGCATG,TCGACTAG,,,16S,16S_515FPa_overhang,16S_805RAp_overhang,TCGTCGGCAGCGTCAGATGTGTATAAGAGACAGGTGYCAGCMGCCGCGGTAA,GTCTCGTGGGCTCGGAGATGTGTATAAGAGACAGGGACTACNVGGGTWTCTAAT
81_Z,MP_140_16S,Zooplankton,Daphnia,30,3,Convict,0.504,Yes,2,MP_R2_P2,D6,N706,N515,TAGGCATG,TTCTAGCT,,,16S,16S_515FPa_overhang,16S_805RAp_overhang,TCGTCGGCAGCGTCAGATGTGTATAAGAGACAGGTGYCAGCMGCCGCGGTAA,GTCTCGTGGGCTCGGAGATGTGTATAAGAGACAGGGACTACNVGGGTWTCTAAT
34_Z,MP_141_16S,Zooplankton,Daphnia,30,2,Virginia,1.28,Yes,2,MP_R2_P2,E6,N706,N516,TAGGCATG,CCTAGAGT,,,16S,16S_515FPa_overhang,16S_805RAp_overhang,TCGTCGGCAGCGTCAGATGTGTATAAGAGACAGGTGYCAGCMGCCGCGGTAA,GTCTCGTGGGCTCGGAGATGTGTATAAGAGACAGGGACTACNVGGGTWTCTAAT
PCRneg_3,MP_142_16S,"Control, PCR_NEG_3",NA,NA,NA,NA,NA,"Yes, negative (no band)",2,MP_R2_P2,F6,N706,N517,TAGGCATG,GCGTAAGA,,,16S,16S_515FPa_overhang,16S_805RAp_overhang,TCGTCGGCAGCGTCAGATGTGTATAAGAGACAGGTGYCAGCMGCCGCGGTAA,GTCTCGTGGGCTCGGAGATGTGTATAAGAGACAGGGACTACNVGGGTWTCTAAT
6_Z22,MP_143_16S,Zooplankton,Daphnia,20,1,Convict,1.46,Yes,2,MP_R2_P2,G6,N706,N518,TAGGCATG,CTATTAAG,,,16S,16S_515FPa_overhang,16S_805RAp_overhang,TCGTCGGCAGCGTCAGATGTGTATAAGAGACAGGTGYCAGCMGCCGCGGTAA,GTCTCGTGGGCTCGGAGATGTGTATAAGAGACAGGGACTACNVGGGTWTCTAAT
107_Z,MP_144_16S,Zooplankton,Calanoid,50,3,Eastern Brook,16.6,Yes,2,MP_R2_P2,H6,N706,N520,TAGGCATG,AAGGCTAT,,,16S,16S_515FPa_overhang,16S_805RAp_overhang,TCGTCGGCAGCGTCAGATGTGTATAAGAGACAGGTGYCAGCMGCCGCGGTAA,GTCTCGTGGGCTCGGAGATGTGTATAAGAGACAGGGACTACNVGGGTWTCTAAT
82_Z,MP_145_16S,Zooplankton,Daphnia,30,3,Convict,0.873,Yes,2,MP_R2_P2,A7,N707,N510,CTCTCTAC,CGTCTAAT,,,16S,16S_515FPa_overhang,16S_805RAp_overhang,TCGTCGGCAGCGTCAGATGTGTATAAGAGACAGGTGYCAGCMGCCGCGGTAA,GTCTCGTGGGCTCGGAGATGTGTATAAGAGACAGGGACTACNVGGGTWTCTAAT
23_Z,MP_146_16S,Zooplankton,Cyclopoid,50,2,Blue,0.32,Yes,2,MP_R2_P2,B7,N707,N511,CTCTCTAC,TCTCTCCG,,,16S,16S_515FPa_overhang,16S_805RAp_overhang,TCGTCGGCAGCGTCAGATGTGTATAAGAGACAGGTGYCAGCMGCCGCGGTAA,GTCTCGTGGGCTCGGAGATGTGTATAAGAGACAGGGACTACNVGGGTWTCTAAT
58_Z,MP_147_16S,Zooplankton,Daphnia,30,3,Blue,0.772,Yes,2,MP_R2_P2,C7,N707,N513,CTCTCTAC,TCGACTAG,,,16S,16S_515FPa_overhang,16S_805RAp_overhang,TCGTCGGCAGCGTCAGATGTGTATAAGAGACAGGTGYCAGCMGCCGCGGTAA,GTCTCGTGGGCTCGGAGATGTGTATAAGAGACAGGGACTACNVGGGTWTCTAAT
11_Z,MP_148_16S,Zooplankton,Daphnia,30,2,Serene,0.436,Yes,2,MP_R2_P2,D7,N707,N515,CTCTCTAC,TTCTAGCT,,,16S,16S_515FPa_overhang,16S_805RAp_overhang,TCGTCGGCAGCGTCAGATGTGTATAAGAGACAGGTGYCAGCMGCCGCGGTAA,GTCTCGTGGGCTCGGAGATGTGTATAAGAGACAGGGACTACNVGGGTWTCTAAT
127_Z,MP_149_16S,Zooplankton,Ceriodaphnia,50,3,Serene,too low,Yes,2,MP_R2_P2,E7,N707,N516,CTCTCTAC,CCTAGAGT,,,16S,16S_515FPa_overhang,16S_805RAp_overhang,TCGTCGGCAGCGTCAGATGTGTATAAGAGACAGGTGYCAGCMGCCGCGGTAA,GTCTCGTGGGCTCGGAGATGTGTATAAGAGACAGGGACTACNVGGGTWTCTAAT
46_Z,MP_150_16S,Zooplankton,Cyclopoid,17,2,Cooney,0.948,Yes,2,MP_R2_P2,F7,N707,N517,CTCTCTAC,GCGTAAGA,,,16S,16S_515FPa_overhang,16S_805RAp_overhang,TCGTCGGCAGCGTCAGATGTGTATAAGAGACAGGTGYCAGCMGCCGCGGTAA,GTCTCGTGGGCTCGGAGATGTGTATAAGAGACAGGGACTACNVGGGTWTCTAAT
19_Z,MP_151_16S,Zooplankton,Daphnia,30,2,Blue,0.34,Yes,2,MP_R2_P2,G7,N707,N518,CTCTCTAC,CTATTAAG,,,16S,16S_515FPa_overhang,16S_805RAp_overhang,TCGTCGGCAGCGTCAGATGTGTATAAGAGACAGGTGYCAGCMGCCGCGGTAA,GTCTCGTGGGCTCGGAGATGTGTATAAGAGACAGGGACTACNVGGGTWTCTAAT
126_Z,MP_152_16S,Zooplankton,Ceriodaphnia,50,3,Serene,0.433,Yes,2,MP_R2_P2,H7,N707,N520,CTCTCTAC,AAGGCTAT,,,16S,16S_515FPa_overhang,16S_805RAp_overhang,TCGTCGGCAGCGTCAGATGTGTATAAGAGACAGGTGYCAGCMGCCGCGGTAA,GTCTCGTGGGCTCGGAGATGTGTATAAGAGACAGGGACTACNVGGGTWTCTAAT
11_Z22,MP_153_16S,Zooplankton,Daphnia,30,1,Eastern Brook,8.96,Yes,2,MP_R2_P2,A8,N708,N510,CAGAGAGG,CGTCTAAT,,,16S,16S_515FPa_overhang,16S_805RAp_overhang,TCGTCGGCAGCGTCAGATGTGTATAAGAGACAGGTGYCAGCMGCCGCGGTAA,GTCTCGTGGGCTCGGAGATGTGTATAAGAGACAGGGACTACNVGGGTWTCTAAT
119_Z,MP_154_16S,Zooplankton,Daphnia,30,3,Serene,0.36,Yes,2,MP_R2_P2,B8,N708,N511,CAGAGAGG,TCTCTCCG,,,16S,16S_515FPa_overhang,16S_805RAp_overhang,TCGTCGGCAGCGTCAGATGTGTATAAGAGACAGGTGYCAGCMGCCGCGGTAA,GTCTCGTGGGCTCGGAGATGTGTATAAGAGACAGGGACTACNVGGGTWTCTAAT
86_Z,MP_155_16S,Zooplankton,Bosmina,50,3,Convict,too low,Yes,2,MP_R2_P2,C8,N708,N513,CAGAGAGG,TCGACTAG,,,16S,16S_515FPa_overhang,16S_805RAp_overhang,TCGTCGGCAGCGTCAGATGTGTATAAGAGACAGGTGYCAGCMGCCGCGGTAA,GTCTCGTGGGCTCGGAGATGTGTATAAGAGACAGGGACTACNVGGGTWTCTAAT
60_Z22,MP_156_16S,Zooplankton,Daphnia,30,1,Blue,5.33,Yes,2,MP_R2_P2,D8,N708,N515,CAGAGAGG,TTCTAGCT,,,16S,16S_515FPa_overhang,16S_805RAp_overhang,TCGTCGGCAGCGTCAGATGTGTATAAGAGACAGGTGYCAGCMGCCGCGGTAA,GTCTCGTGGGCTCGGAGATGTGTATAAGAGACAGGGACTACNVGGGTWTCTAAT
43_Z,MP_157_16S,Zooplankton,Daphnia,30,2,Cooney,0.483,Yes,2,MP_R2_P2,E8,N708,N516,CAGAGAGG,CCTAGAGT,,,16S,16S_515FPa_overhang,16S_805RAp_overhang,TCGTCGGCAGCGTCAGATGTGTATAAGAGACAGGTGYCAGCMGCCGCGGTAA,GTCTCGTGGGCTCGGAGATGTGTATAAGAGACAGGGACTACNVGGGTWTCTAAT
114_Z,MP_158_16S,Zooplankton,Calanoid,50,3,Serene,12.2,Yes,2,MP_R2_P2,F8,N708,N517,CAGAGAGG,GCGTAAGA,,,16S,16S_515FPa_overhang,16S_805RAp_overhang,TCGTCGGCAGCGTCAGATGTGTATAAGAGACAGGTGYCAGCMGCCGCGGTAA,GTCTCGTGGGCTCGGAGATGTGTATAAGAGACAGGGACTACNVGGGTWTCTAAT
129_Z,MP_159_16S,Zooplankton,Daphnia,30,4,Virginia,0.738,Yes,2,MP_R2_P2,G8,N708,N518,CAGAGAGG,CTATTAAG,,,16S,16S_515FPa_overhang,16S_805RAp_overhang,TCGTCGGCAGCGTCAGATGTGTATAAGAGACAGGTGYCAGCMGCCGCGGTAA,GTCTCGTGGGCTCGGAGATGTGTATAAGAGACAGGGACTACNVGGGTWTCTAAT
60_Z,MP_160_16S,Zooplankton,Daphnia,30,3,Blue,0.52,Yes,2,MP_R2_P2,H8,N708,N520,CAGAGAGG,AAGGCTAT,,,16S,16S_515FPa_overhang,16S_805RAp_overhang,TCGTCGGCAGCGTCAGATGTGTATAAGAGACAGGTGYCAGCMGCCGCGGTAA,GTCTCGTGGGCTCGGAGATGTGTATAAGAGACAGGGACTACNVGGGTWTCTAAT
42_Z,MP_161_16S,Zooplankton,Daphnia,30,2,Cooney,1.34,Yes,2,MP_R2_P2,A9,N709,N510,GCTACGCT,CGTCTAAT,,,16S,16S_515FPa_overhang,16S_805RAp_overhang,TCGTCGGCAGCGTCAGATGTGTATAAGAGACAGGTGYCAGCMGCCGCGGTAA,GTCTCGTGGGCTCGGAGATGTGTATAAGAGACAGGGACTACNVGGGTWTCTAAT
20_Z,MP_162_16S,Zooplankton,Daphnia,30,2,Blue,0.19,Yes,2,MP_R2_P2,B9,N709,N511,GCTACGCT,TCTCTCCG,,,16S,16S_515FPa_overhang,16S_805RAp_overhang,TCGTCGGCAGCGTCAGATGTGTATAAGAGACAGGTGYCAGCMGCCGCGGTAA,GTCTCGTGGGCTCGGAGATGTGTATAAGAGACAGGGACTACNVGGGTWTCTAAT
108_Z,MP_163_16S,Zooplankton,Cyclopoid,50,3,Eastern Brook,6.97,Yes,2,MP_R2_P2,C9,N709,N513,GCTACGCT,TCGACTAG,,,16S,16S_515FPa_overhang,16S_805RAp_overhang,TCGTCGGCAGCGTCAGATGTGTATAAGAGACAGGTGYCAGCMGCCGCGGTAA,GTCTCGTGGGCTCGGAGATGTGTATAAGAGACAGGGACTACNVGGGTWTCTAAT
53_Z22,MP_164_16S,Zooplankton,Ceriodaphnia,58,1,Serene,2.09,Yes,2,MP_R2_P2,D9,N709,N515,GCTACGCT,TTCTAGCT,,,16S,16S_515FPa_overhang,16S_805RAp_overhang,TCGTCGGCAGCGTCAGATGTGTATAAGAGACAGGTGYCAGCMGCCGCGGTAA,GTCTCGTGGGCTCGGAGATGTGTATAAGAGACAGGGACTACNVGGGTWTCTAAT
69_Z,MP_165_16S,Zooplankton,Daphnia,30,3,Virginia,0.086,Yes,2,MP_R2_P2,E9,N709,N516,GCTACGCT,CCTAGAGT,,,16S,16S_515FPa_overhang,16S_805RAp_overhang,TCGTCGGCAGCGTCAGATGTGTATAAGAGACAGGTGYCAGCMGCCGCGGTAA,GTCTCGTGGGCTCGGAGATGTGTATAAGAGACAGGGACTACNVGGGTWTCTAAT
35_Z,MP_166_16S,Zooplankton,Daphnia,30,2,Virginia,too low,Yes,2,MP_R2_P2,F9,N709,N517,GCTACGCT,GCGTAAGA,,,16S,16S_515FPa_overhang,16S_805RAp_overhang,TCGTCGGCAGCGTCAGATGTGTATAAGAGACAGGTGYCAGCMGCCGCGGTAA,GTCTCGTGGGCTCGGAGATGTGTATAAGAGACAGGGACTACNVGGGTWTCTAAT
103_Z,MP_167_16S,Zooplankton,Daphnia,30,3,Eastern Brook,1.04,Yes,2,MP_R2_P2,G9,N709,N518,GCTACGCT,CTATTAAG,,,16S,16S_515FPa_overhang,16S_805RAp_overhang,TCGTCGGCAGCGTCAGATGTGTATAAGAGACAGGTGYCAGCMGCCGCGGTAA,GTCTCGTGGGCTCGGAGATGTGTATAAGAGACAGGGACTACNVGGGTWTCTAAT
122_Z,MP_168_16S,Zooplankton,Holopedium,10,3,Serene,0.284,Yes,2,MP_R2_P2,H9,N709,N520,GCTACGCT,AAGGCTAT,,,16S,16S_515FPa_overhang,16S_805RAp_overhang,TCGTCGGCAGCGTCAGATGTGTATAAGAGACAGGTGYCAGCMGCCGCGGTAA,GTCTCGTGGGCTCGGAGATGTGTATAAGAGACAGGGACTACNVGGGTWTCTAAT
12_Z,MP_169_16S,Zooplankton,Ceriodaphnia,50,2,Serene,1.61,Yes,2,MP_R2_P2,A10,N710,N510,CGAGGCTG,CGTCTAAT,,,16S,16S_515FPa_overhang,16S_805RAp_overhang,TCGTCGGCAGCGTCAGATGTGTATAAGAGACAGGTGYCAGCMGCCGCGGTAA,GTCTCGTGGGCTCGGAGATGTGTATAAGAGACAGGGACTACNVGGGTWTCTAAT
88_Z,MP_170_16S,Zooplankton,Daphnia,30,3,Cooney,0.592,Yes,2,MP_R2_P2,B10,N710,N511,CGAGGCTG,TCTCTCCG,,,16S,16S_515FPa_overhang,16S_805RAp_overhang,TCGTCGGCAGCGTCAGATGTGTATAAGAGACAGGTGYCAGCMGCCGCGGTAA,GTCTCGTGGGCTCGGAGATGTGTATAAGAGACAGGGACTACNVGGGTWTCTAAT
33_Z,MP_171_16S,Zooplankton,Daphnia,30,2,Virginia,0.594,Yes,2,MP_R2_P2,C10,N710,N513,CGAGGCTG,TCGACTAG,,,16S,16S_515FPa_overhang,16S_805RAp_overhang,TCGTCGGCAGCGTCAGATGTGTATAAGAGACAGGTGYCAGCMGCCGCGGTAA,GTCTCGTGGGCTCGGAGATGTGTATAAGAGACAGGGACTACNVGGGTWTCTAAT
120_Z,MP_172_16S,Zooplankton,Daphnia,30,3,Serene,0.993,Yes,2,MP_R2_P2,D10,N710,N515,CGAGGCTG,TTCTAGCT,,,16S,16S_515FPa_overhang,16S_805RAp_overhang,TCGTCGGCAGCGTCAGATGTGTATAAGAGACAGGTGYCAGCMGCCGCGGTAA,GTCTCGTGGGCTCGGAGATGTGTATAAGAGACAGGGACTACNVGGGTWTCTAAT
10_Z,MP_173_16S,Zooplankton,Ceriodaphnia,50,2,Serene,0.794,Yes,2,MP_R2_P2,E10,N710,N516,CGAGGCTG,CCTAGAGT,,,16S,16S_515FPa_overhang,16S_805RAp_overhang,TCGTCGGCAGCGTCAGATGTGTATAAGAGACAGGTGYCAGCMGCCGCGGTAA,GTCTCGTGGGCTCGGAGATGTGTATAAGAGACAGGGACTACNVGGGTWTCTAAT
7_Z22,MP_174_16S,Zooplankton,Daphnia,20,1,Convict,0.631,Yes,2,MP_R2_P2,F10,N710,N517,CGAGGCTG,GCGTAAGA,,,16S,16S_515FPa_overhang,16S_805RAp_overhang,TCGTCGGCAGCGTCAGATGTGTATAAGAGACAGGTGYCAGCMGCCGCGGTAA,GTCTCGTGGGCTCGGAGATGTGTATAAGAGACAGGGACTACNVGGGTWTCTAAT
123_Z,MP_175_16S,Zooplankton,Holopedium,10,3,Serene,0.731,Yes,2,MP_R2_P2,G10,N710,N518,CGAGGCTG,CTATTAAG,,,16S,16S_515FPa_overhang,16S_805RAp_overhang,TCGTCGGCAGCGTCAGATGTGTATAAGAGACAGGTGYCAGCMGCCGCGGTAA,GTCTCGTGGGCTCGGAGATGTGTATAAGAGACAGGGACTACNVGGGTWTCTAAT
24_Z,MP_176_16S,Zooplankton,Cyclopoid,50,2,Blue,1.13,Yes,2,MP_R2_P2,H10,N710,N520,CGAGGCTG,AAGGCTAT,,,16S,16S_515FPa_overhang,16S_805RAp_overhang,TCGTCGGCAGCGTCAGATGTGTATAAGAGACAGGTGYCAGCMGCCGCGGTAA,GTCTCGTGGGCTCGGAGATGTGTATAAGAGACAGGGACTACNVGGGTWTCTAAT
80_Z,MP_177_16S,Zooplankton,Daphnia,30,3,Convict,1.73,Yes,2,MP_R2_P2,A11,N711,N510,AAGAGGCA,CGTCTAAT,,,16S,16S_515FPa_overhang,16S_805RAp_overhang,TCGTCGGCAGCGTCAGATGTGTATAAGAGACAGGTGYCAGCMGCCGCGGTAA,GTCTCGTGGGCTCGGAGATGTGTATAAGAGACAGGGACTACNVGGGTWTCTAAT
PCRneg_4,MP_178_16S,"Control, PCR_NEG_4",NA,NA,NA,NA,NA,"Yes, negative (no band)",2,MP_R2_P2,B11,N711,N511,AAGAGGCA,TCTCTCCG,,,16S,16S_515FPa_overhang,16S_805RAp_overhang,TCGTCGGCAGCGTCAGATGTGTATAAGAGACAGGTGYCAGCMGCCGCGGTAA,GTCTCGTGGGCTCGGAGATGTGTATAAGAGACAGGGACTACNVGGGTWTCTAAT
68_Z,MP_179_16S,Zooplankton,Daphnia,30,3,Virginia,0.378,Yes,2,MP_R2_P2,C11,N711,N513,AAGAGGCA,TCGACTAG,,,16S,16S_515FPa_overhang,16S_805RAp_overhang,TCGTCGGCAGCGTCAGATGTGTATAAGAGACAGGTGYCAGCMGCCGCGGTAA,GTCTCGTGGGCTCGGAGATGTGTATAAGAGACAGGGACTACNVGGGTWTCTAAT
104_Z,MP_180_16S,Zooplankton,Calanoid,50,3,Eastern Brook,16.7,Yes,2,MP_R2_P2,D11,N711,N515,AAGAGGCA,TTCTAGCT,,,16S,16S_515FPa_overhang,16S_805RAp_overhang,TCGTCGGCAGCGTCAGATGTGTATAAGAGACAGGTGYCAGCMGCCGCGGTAA,GTCTCGTGGGCTCGGAGATGTGTATAAGAGACAGGGACTACNVGGGTWTCTAAT
14_Z,MP_181_16S,Zooplankton,Daphnia,30,2,Eastern Brook,0.175,Yes,2,MP_R2_P2,E11,N711,N516,AAGAGGCA,CCTAGAGT,,,16S,16S_515FPa_overhang,16S_805RAp_overhang,TCGTCGGCAGCGTCAGATGTGTATAAGAGACAGGTGYCAGCMGCCGCGGTAA,GTCTCGTGGGCTCGGAGATGTGTATAAGAGACAGGGACTACNVGGGTWTCTAAT
109_Z,MP_182_16S,Zooplankton,Cyclopoid,50,3,Eastern Brook,7,Yes,2,MP_R2_P2,F11,N711,N517,AAGAGGCA,GCGTAAGA,,,16S,16S_515FPa_overhang,16S_805RAp_overhang,TCGTCGGCAGCGTCAGATGTGTATAAGAGACAGGTGYCAGCMGCCGCGGTAA,GTCTCGTGGGCTCGGAGATGTGTATAAGAGACAGGGACTACNVGGGTWTCTAAT
91_Z,MP_183_16S,Zooplankton,Daphnia,30,3,Cooney,0.234,Yes,2,MP_R2_P2,G11,N711,N518,AAGAGGCA,CTATTAAG,,,16S,16S_515FPa_overhang,16S_805RAp_overhang,TCGTCGGCAGCGTCAGATGTGTATAAGAGACAGGTGYCAGCMGCCGCGGTAA,GTCTCGTGGGCTCGGAGATGTGTATAAGAGACAGGGACTACNVGGGTWTCTAAT
99_Z,MP_184_16S,Zooplankton,Bosmina,50,3,Cooney,too low,Yes,2,MP_R2_P2,H11,N711,N520,AAGAGGCA,AAGGCTAT,,,16S,16S_515FPa_overhang,16S_805RAp_overhang,TCGTCGGCAGCGTCAGATGTGTATAAGAGACAGGTGYCAGCMGCCGCGGTAA,GTCTCGTGGGCTCGGAGATGTGTATAAGAGACAGGGACTACNVGGGTWTCTAAT
DNActrl_2,MP_185_16S,"Control, DNA_CTRL_2",NA,NA,NA,NA,NA,"Yes, negative (no band)",2,MP_R2_P2,A12,N712,N510,GTAGAGGA,CGTCTAAT,,,16S,16S_515FPa_overhang,16S_805RAp_overhang,TCGTCGGCAGCGTCAGATGTGTATAAGAGACAGGTGYCAGCMGCCGCGGTAA,GTCTCGTGGGCTCGGAGATGTGTATAAGAGACAGGGACTACNVGGGTWTCTAAT
50_Z,MP_186_16S,Zooplankton,Daphnia,30,5,Blue,1.75,Yes,2,MP_R2_P2,B12,N712,N511,GTAGAGGA,TCTCTCCG,,,16S,16S_515FPa_overhang,16S_805RAp_overhang,TCGTCGGCAGCGTCAGATGTGTATAAGAGACAGGTGYCAGCMGCCGCGGTAA,GTCTCGTGGGCTCGGAGATGTGTATAAGAGACAGGGACTACNVGGGTWTCTAAT
128_Z,MP_187_16S,Zooplankton,Ceriodaphnia,50,3,Serene,0.193,Yes,2,MP_R2_P2,C12,N712,N513,GTAGAGGA,TCGACTAG,,,16S,16S_515FPa_overhang,16S_805RAp_overhang,TCGTCGGCAGCGTCAGATGTGTATAAGAGACAGGTGYCAGCMGCCGCGGTAA,GTCTCGTGGGCTCGGAGATGTGTATAAGAGACAGGGACTACNVGGGTWTCTAAT
115_Z,MP_188_16S,Zooplankton,Calanoid,50,3,Serene,13.8,Yes,2,MP_R2_P2,D12,N712,N515,GTAGAGGA,TTCTAGCT,,,16S,16S_515FPa_overhang,16S_805RAp_overhang,TCGTCGGCAGCGTCAGATGTGTATAAGAGACAGGTGYCAGCMGCCGCGGTAA,GTCTCGTGGGCTCGGAGATGTGTATAAGAGACAGGGACTACNVGGGTWTCTAAT
66_Z,MP_189_16S,Zooplankton,Daphnia,30,3,Virginia,too low,Yes,2,MP_R2_P2,E12,N712,N516,GTAGAGGA,CCTAGAGT,,,16S,16S_515FPa_overhang,16S_805RAp_overhang,TCGTCGGCAGCGTCAGATGTGTATAAGAGACAGGTGYCAGCMGCCGCGGTAA,GTCTCGTGGGCTCGGAGATGTGTATAAGAGACAGGGACTACNVGGGTWTCTAAT
105_Z,MP_190_16S,Zooplankton,Calanoid,50,3,Eastern Brook,10.6,Yes,2,MP_R2_P2,F12,N712,N517,GTAGAGGA,GCGTAAGA,,,16S,16S_515FPa_overhang,16S_805RAp_overhang,TCGTCGGCAGCGTCAGATGTGTATAAGAGACAGGTGYCAGCMGCCGCGGTAA,GTCTCGTGGGCTCGGAGATGTGTATAAGAGACAGGGACTACNVGGGTWTCTAAT
89_Z,MP_191_16S,Zooplankton,Daphnia,30,3,Cooney,too low,Yes,2,MP_R2_P2,G12,N712,N518,GTAGAGGA,CTATTAAG,,,16S,16S_515FPa_overhang,16S_805RAp_overhang,TCGTCGGCAGCGTCAGATGTGTATAAGAGACAGGTGYCAGCMGCCGCGGTAA,GTCTCGTGGGCTCGGAGATGTGTATAAGAGACAGGGACTACNVGGGTWTCTAAT
36_Z,MP_192_16S,Zooplankton,Daphnia,30,2,Virginia,0.813,Yes,2,MP_R2_P2,H12,N712,N520,GTAGAGGA,AAGGCTAT,,,16S,16S_515FPa_overhang,16S_805RAp_overhang,TCGTCGGCAGCGTCAGATGTGTATAAGAGACAGGTGYCAGCMGCCGCGGTAA,GTCTCGTGGGCTCGGAGATGTGTATAAGAGACAGGGACTACNVGGGTWTCTAAT
176_Z,MP_193_16S,Zooplankton,Daphnia,30,4,Eastern Brook,1.75,Yes,"""3""",MP_R2_P4,A1,N714,N510,GCTCATGA,CGTCTAAT,,,16S,16S_515FPa_overhang,16S_805RAp_overhang,TCGTCGGCAGCGTCAGATGTGTATAAGAGACAGGTGYCAGCMGCCGCGGTAA,GTCTCGTGGGCTCGGAGATGTGTATAAGAGACAGGGACTACNVGGGTWTCTAAT
162_Z,MP_194_16S,Zooplankton,Calanoid,50,4,Convict,10.9,Yes,"""3""",MP_R2_P4,B1,N714,N511,GCTCATGA,TCTCTCCG,,,16S,16S_515FPa_overhang,16S_805RAp_overhang,TCGTCGGCAGCGTCAGATGTGTATAAGAGACAGGTGYCAGCMGCCGCGGTAA,GTCTCGTGGGCTCGGAGATGTGTATAAGAGACAGGGACTACNVGGGTWTCTAAT
134_Z,MP_195_16S,Zooplankton,Cyclopoid,50,4,Virginia,5.9,Yes,"""3""",MP_R2_P4,C1,N714,N513,GCTCATGA,TCGACTAG,,,16S,16S_515FPa_overhang,16S_805RAp_overhang,TCGTCGGCAGCGTCAGATGTGTATAAGAGACAGGTGYCAGCMGCCGCGGTAA,GTCTCGTGGGCTCGGAGATGTGTATAAGAGACAGGGACTACNVGGGTWTCTAAT
186_Z,MP_196_16S,Zooplankton,Calanoid,50,4,Serene,15.6,Yes,"""3""",MP_R2_P4,D1,N714,N515,GCTCATGA,TTCTAGCT,,,16S,16S_515FPa_overhang,16S_805RAp_overhang,TCGTCGGCAGCGTCAGATGTGTATAAGAGACAGGTGYCAGCMGCCGCGGTAA,GTCTCGTGGGCTCGGAGATGTGTATAAGAGACAGGGACTACNVGGGTWTCTAAT
172_Z,MP_197_16S,Zooplankton,Cyclopoid,50,4,Cooney,2.88,Yes,"""3""",MP_R2_P4,E1,N714,N516,GCTCATGA,CCTAGAGT,,,16S,16S_515FPa_overhang,16S_805RAp_overhang,TCGTCGGCAGCGTCAGATGTGTATAAGAGACAGGTGYCAGCMGCCGCGGTAA,GTCTCGTGGGCTCGGAGATGTGTATAAGAGACAGGGACTACNVGGGTWTCTAAT
150_Z,MP_198_16S,Zooplankton,Cyclopoid,50,4,Blue,5.54,Yes,"""3""",MP_R2_P4,F1,N714,N517,GCTCATGA,GCGTAAGA,,,16S,16S_515FPa_overhang,16S_805RAp_overhang,TCGTCGGCAGCGTCAGATGTGTATAAGAGACAGGTGYCAGCMGCCGCGGTAA,GTCTCGTGGGCTCGGAGATGTGTATAAGAGACAGGGACTACNVGGGTWTCTAAT
PCRneg_5,MP_199_16S,"Control, PCR_NEG_5",NA,NA,NA,NA,NA,"Yes, negative (no band)","""3""",MP_R2_P4,G1,N714,N518,GCTCATGA,CTATTAAG,,,16S,16S_515FPa_overhang,16S_805RAp_overhang,TCGTCGGCAGCGTCAGATGTGTATAAGAGACAGGTGYCAGCMGCCGCGGTAA,GTCTCGTGGGCTCGGAGATGTGTATAAGAGACAGGGACTACNVGGGTWTCTAAT
184_Z,MP_200_16S,Zooplankton,Calanoid,50,4,Serene,11.6,Yes,"""3""",MP_R2_P4,H1,N714,N520,GCTCATGA,AAGGCTAT,,,16S,16S_515FPa_overhang,16S_805RAp_overhang,TCGTCGGCAGCGTCAGATGTGTATAAGAGACAGGTGYCAGCMGCCGCGGTAA,GTCTCGTGGGCTCGGAGATGTGTATAAGAGACAGGGACTACNVGGGTWTCTAAT
153_Z,MP_201_16S,Zooplankton,Bosmina,50,4,Convict,too low,Yes,"""3""",MP_R2_P4,A2,N715,N510,ATCTCAGG,CGTCTAAT,,,16S,16S_515FPa_overhang,16S_805RAp_overhang,TCGTCGGCAGCGTCAGATGTGTATAAGAGACAGGTGYCAGCMGCCGCGGTAA,GTCTCGTGGGCTCGGAGATGTGTATAAGAGACAGGGACTACNVGGGTWTCTAAT
130_Z,MP_202_16S,Zooplankton,Daphnia,30,4,Virginia,0.951,Yes,"""3""",MP_R2_P4,B2,N715,N511,ATCTCAGG,TCTCTCCG,,,16S,16S_515FPa_overhang,16S_805RAp_overhang,TCGTCGGCAGCGTCAGATGTGTATAAGAGACAGGTGYCAGCMGCCGCGGTAA,GTCTCGTGGGCTCGGAGATGTGTATAAGAGACAGGGACTACNVGGGTWTCTAAT
142_Z,MP_203_16S,Zooplankton,Daphnia,30,4,Blue,0.802,Yes,"""3""",MP_R2_P4,C2,N715,N513,ATCTCAGG,TCGACTAG,,,16S,16S_515FPa_overhang,16S_805RAp_overhang,TCGTCGGCAGCGTCAGATGTGTATAAGAGACAGGTGYCAGCMGCCGCGGTAA,GTCTCGTGGGCTCGGAGATGTGTATAAGAGACAGGGACTACNVGGGTWTCTAAT
197_Z,MP_204_16S,Zooplankton,Holopedium,10,4,Serene,0.701,Yes,"""3""",MP_R2_P4,D2,N715,N515,ATCTCAGG,TTCTAGCT,,,16S,16S_515FPa_overhang,16S_805RAp_overhang,TCGTCGGCAGCGTCAGATGTGTATAAGAGACAGGTGYCAGCMGCCGCGGTAA,GTCTCGTGGGCTCGGAGATGTGTATAAGAGACAGGGACTACNVGGGTWTCTAAT
190_Z,MP_205_16S,Zooplankton,Daphnia,30,4,Serene,1.57,Yes,"""3""",MP_R2_P4,E2,N715,N516,ATCTCAGG,CCTAGAGT,,,16S,16S_515FPa_overhang,16S_805RAp_overhang,TCGTCGGCAGCGTCAGATGTGTATAAGAGACAGGTGYCAGCMGCCGCGGTAA,GTCTCGTGGGCTCGGAGATGTGTATAAGAGACAGGGACTACNVGGGTWTCTAAT
135_Z,MP_206_16S,Zooplankton,Cyclopoid,50,4,Virginia,10.7,Yes,"""3""",MP_R2_P4,F2,N715,N517,ATCTCAGG,GCGTAAGA,,,16S,16S_515FPa_overhang,16S_805RAp_overhang,TCGTCGGCAGCGTCAGATGTGTATAAGAGACAGGTGYCAGCMGCCGCGGTAA,GTCTCGTGGGCTCGGAGATGTGTATAAGAGACAGGGACTACNVGGGTWTCTAAT
168_Z,MP_207_16S,Zooplankton,Calanoid,50,4,Cooney,43.7,Yes,"""3""",MP_R2_P4,G2,N715,N518,ATCTCAGG,CTATTAAG,,,16S,16S_515FPa_overhang,16S_805RAp_overhang,TCGTCGGCAGCGTCAGATGTGTATAAGAGACAGGTGYCAGCMGCCGCGGTAA,GTCTCGTGGGCTCGGAGATGTGTATAAGAGACAGGGACTACNVGGGTWTCTAAT
DNActrl_4,MP_208_16S,"Control, DNA_CTRL_4",NA,NA,NA,NA,NA,"Yes, negative (no band)","""3""",MP_R2_P4,H2,N715,N520,ATCTCAGG,AAGGCTAT,,,16S,16S_515FPa_overhang,16S_805RAp_overhang,TCGTCGGCAGCGTCAGATGTGTATAAGAGACAGGTGYCAGCMGCCGCGGTAA,GTCTCGTGGGCTCGGAGATGTGTATAAGAGACAGGGACTACNVGGGTWTCTAAT
173_Z,MP_209_16S,Zooplankton,Cyclopoid,50,4,Cooney,3.01,Yes,"""3""",MP_R2_P4,A3,N716,N510,ACTCGCTA,CGTCTAAT,,,16S,16S_515FPa_overhang,16S_805RAp_overhang,TCGTCGGCAGCGTCAGATGTGTATAAGAGACAGGTGYCAGCMGCCGCGGTAA,GTCTCGTGGGCTCGGAGATGTGTATAAGAGACAGGGACTACNVGGGTWTCTAAT
209_Z,MP_210_16S,Zooplankton,Calanoid,50,5,Blue,6.21,Yes,"""3""",MP_R2_P4,B3,N716,N511,ACTCGCTA,TCTCTCCG,,,16S,16S_515FPa_overhang,16S_805RAp_overhang,TCGTCGGCAGCGTCAGATGTGTATAAGAGACAGGTGYCAGCMGCCGCGGTAA,GTCTCGTGGGCTCGGAGATGTGTATAAGAGACAGGGACTACNVGGGTWTCTAAT
136_Z,MP_211_16S,Zooplankton,Cyclopoid,50,4,Virginia,10,Yes,"""3""",MP_R2_P4,C3,N716,N513,ACTCGCTA,TCGACTAG,,,16S,16S_515FPa_overhang,16S_805RAp_overhang,TCGTCGGCAGCGTCAGATGTGTATAAGAGACAGGTGYCAGCMGCCGCGGTAA,GTCTCGTGGGCTCGGAGATGTGTATAAGAGACAGGGACTACNVGGGTWTCTAAT
181_Z,MP_212_16S,Zooplankton,Cyclopoid,50,4,Eastern Brook,7.18,Yes,"""3""",MP_R2_P4,D3,N716,N515,ACTCGCTA,TTCTAGCT,,,16S,16S_515FPa_overhang,16S_805RAp_overhang,TCGTCGGCAGCGTCAGATGTGTATAAGAGACAGGTGYCAGCMGCCGCGGTAA,GTCTCGTGGGCTCGGAGATGTGTATAAGAGACAGGGACTACNVGGGTWTCTAAT
154_Z,MP_213_16S,Zooplankton,Daphnia,30,4,Convict,2.5,Yes,"""3""",MP_R2_P4,E3,N716,N516,ACTCGCTA,CCTAGAGT,,,16S,16S_515FPa_overhang,16S_805RAp_overhang,TCGTCGGCAGCGTCAGATGTGTATAAGAGACAGGTGYCAGCMGCCGCGGTAA,GTCTCGTGGGCTCGGAGATGTGTATAAGAGACAGGGACTACNVGGGTWTCTAAT
137_Z,MP_214_16S,Zooplankton,Calanoid,50,4,Virginia,15,Yes,"""3""",MP_R2_P4,F3,N716,N517,ACTCGCTA,GCGTAAGA,,,16S,16S_515FPa_overhang,16S_805RAp_overhang,TCGTCGGCAGCGTCAGATGTGTATAAGAGACAGGTGYCAGCMGCCGCGGTAA,GTCTCGTGGGCTCGGAGATGTGTATAAGAGACAGGGACTACNVGGGTWTCTAAT
152_Z,MP_215_16S,Zooplankton,Bosmina,50,4,Convict,too low,Yes,"""3""",MP_R2_P4,G3,N716,N518,ACTCGCTA,CTATTAAG,,,16S,16S_515FPa_overhang,16S_805RAp_overhang,TCGTCGGCAGCGTCAGATGTGTATAAGAGACAGGTGYCAGCMGCCGCGGTAA,GTCTCGTGGGCTCGGAGATGTGTATAAGAGACAGGGACTACNVGGGTWTCTAAT
203_Z,MP_216_16S,Zooplankton,Cyclopoid,50,5,Cooney,8.09,Yes,"""3""",MP_R2_P4,H3,N716,N520,ACTCGCTA,AAGGCTAT,,,16S,16S_515FPa_overhang,16S_805RAp_overhang,TCGTCGGCAGCGTCAGATGTGTATAAGAGACAGGTGYCAGCMGCCGCGGTAA,GTCTCGTGGGCTCGGAGATGTGTATAAGAGACAGGGACTACNVGGGTWTCTAAT
175_Z,MP_217_16S,Zooplankton,Daphnia,30,4,Eastern Brook,2.72,Yes,"""3""",MP_R2_P4,A4,N718,N510,GGAGCTAC,CGTCTAAT,,,16S,16S_515FPa_overhang,16S_805RAp_overhang,TCGTCGGCAGCGTCAGATGTGTATAAGAGACAGGTGYCAGCMGCCGCGGTAA,GTCTCGTGGGCTCGGAGATGTGTATAAGAGACAGGGACTACNVGGGTWTCTAAT
194_Z,MP_218_16S,Zooplankton,Holopedium,10,4,Serene,0.501,Yes,"""3""",MP_R2_P4,B4,N718,N511,GGAGCTAC,TCTCTCCG,,,16S,16S_515FPa_overhang,16S_805RAp_overhang,TCGTCGGCAGCGTCAGATGTGTATAAGAGACAGGTGYCAGCMGCCGCGGTAA,GTCTCGTGGGCTCGGAGATGTGTATAAGAGACAGGGACTACNVGGGTWTCTAAT
166_Z,MP_219_16S,Zooplankton,Daphnia,30,4,Cooney,4.25,Yes,"""3""",MP_R2_P4,C4,N718,N513,GGAGCTAC,TCGACTAG,,,16S,16S_515FPa_overhang,16S_805RAp_overhang,TCGTCGGCAGCGTCAGATGTGTATAAGAGACAGGTGYCAGCMGCCGCGGTAA,GTCTCGTGGGCTCGGAGATGTGTATAAGAGACAGGGACTACNVGGGTWTCTAAT
205_Z,MP_220_16S,Zooplankton,Cyclopoid,50,5,Cooney,6.53,Yes,"""3""",MP_R2_P4,D4,N718,N515,GGAGCTAC,TTCTAGCT,,,16S,16S_515FPa_overhang,16S_805RAp_overhang,TCGTCGGCAGCGTCAGATGTGTATAAGAGACAGGTGYCAGCMGCCGCGGTAA,GTCTCGTGGGCTCGGAGATGTGTATAAGAGACAGGGACTACNVGGGTWTCTAAT
145_Z,MP_221_16S,Zooplankton,Calanoid,50,4,Blue,18.2,Yes,"""3""",MP_R2_P4,E4,N718,N516,GGAGCTAC,CCTAGAGT,,,16S,16S_515FPa_overhang,16S_805RAp_overhang,TCGTCGGCAGCGTCAGATGTGTATAAGAGACAGGTGYCAGCMGCCGCGGTAA,GTCTCGTGGGCTCGGAGATGTGTATAAGAGACAGGGACTACNVGGGTWTCTAAT
164_Z,MP_222_16S,Zooplankton,Daphnia,30,4,Cooney,1.16,Yes,"""3""",MP_R2_P4,F4,N718,N517,GGAGCTAC,GCGTAAGA,,,16S,16S_515FPa_overhang,16S_805RAp_overhang,TCGTCGGCAGCGTCAGATGTGTATAAGAGACAGGTGYCAGCMGCCGCGGTAA,GTCTCGTGGGCTCGGAGATGTGTATAAGAGACAGGGACTACNVGGGTWTCTAAT
216_Z,MP_223_16S,Zooplankton,Daphnia,30,5,Virginia,0.728,Yes,"""3""",MP_R2_P4,G4,N718,N518,GGAGCTAC,CTATTAAG,,,16S,16S_515FPa_overhang,16S_805RAp_overhang,TCGTCGGCAGCGTCAGATGTGTATAAGAGACAGGTGYCAGCMGCCGCGGTAA,GTCTCGTGGGCTCGGAGATGTGTATAAGAGACAGGGACTACNVGGGTWTCTAAT
160_Z,MP_224_16S,Zooplankton,Cyclopoid,50,4,Convict,11,Yes,"""3""",MP_R2_P4,H4,N718,N520,GGAGCTAC,AAGGCTAT,,,16S,16S_515FPa_overhang,16S_805RAp_overhang,TCGTCGGCAGCGTCAGATGTGTATAAGAGACAGGTGYCAGCMGCCGCGGTAA,GTCTCGTGGGCTCGGAGATGTGTATAAGAGACAGGGACTACNVGGGTWTCTAAT
178_Z,MP_225_16S,Zooplankton,Cyclopoid,50,4,Eastern Brook,8.32,Yes,"""3""",MP_R2_P4,A5,N719,N510,GCGTAGTA,CGTCTAAT,,,16S,16S_515FPa_overhang,16S_805RAp_overhang,TCGTCGGCAGCGTCAGATGTGTATAAGAGACAGGTGYCAGCMGCCGCGGTAA,GTCTCGTGGGCTCGGAGATGTGTATAAGAGACAGGGACTACNVGGGTWTCTAAT
144_Z,MP_226_16S,Zooplankton,Calanoid,50,4,Blue,12.4,Yes,"""3""",MP_R2_P4,B5,N719,N511,GCGTAGTA,TCTCTCCG,,,16S,16S_515FPa_overhang,16S_805RAp_overhang,TCGTCGGCAGCGTCAGATGTGTATAAGAGACAGGTGYCAGCMGCCGCGGTAA,GTCTCGTGGGCTCGGAGATGTGTATAAGAGACAGGGACTACNVGGGTWTCTAAT
219_Z,MP_227_16S,Zooplankton,Daphnia,30,5,Virginia,1.13,Yes,"""3""",MP_R2_P4,C5,N719,N513,GCGTAGTA,TCGACTAG,,,16S,16S_515FPa_overhang,16S_805RAp_overhang,TCGTCGGCAGCGTCAGATGTGTATAAGAGACAGGTGYCAGCMGCCGCGGTAA,GTCTCGTGGGCTCGGAGATGTGTATAAGAGACAGGGACTACNVGGGTWTCTAAT
170_Z,MP_228_16S,Zooplankton,Calanoid,50,4,Cooney,23.2,Yes,"""3""",MP_R2_P4,D5,N719,N515,GCGTAGTA,TTCTAGCT,,,16S,16S_515FPa_overhang,16S_805RAp_overhang,TCGTCGGCAGCGTCAGATGTGTATAAGAGACAGGTGYCAGCMGCCGCGGTAA,GTCTCGTGGGCTCGGAGATGTGTATAAGAGACAGGGACTACNVGGGTWTCTAAT
185_Z,MP_229_16S,Zooplankton,Calanoid,50,4,Serene,11.6,Yes,"""3""",MP_R2_P4,E5,N719,N516,GCGTAGTA,CCTAGAGT,,,16S,16S_515FPa_overhang,16S_805RAp_overhang,TCGTCGGCAGCGTCAGATGTGTATAAGAGACAGGTGYCAGCMGCCGCGGTAA,GTCTCGTGGGCTCGGAGATGTGTATAAGAGACAGGGACTACNVGGGTWTCTAAT
221_Z,MP_230_16S,Zooplankton,Cyclopoid,50,5,Virginia,4.84,Yes,"""3""",MP_R2_P4,F5,N719,N517,GCGTAGTA,GCGTAAGA,,,16S,16S_515FPa_overhang,16S_805RAp_overhang,TCGTCGGCAGCGTCAGATGTGTATAAGAGACAGGTGYCAGCMGCCGCGGTAA,GTCTCGTGGGCTCGGAGATGTGTATAAGAGACAGGGACTACNVGGGTWTCTAAT
174_Z,MP_231_16S,Zooplankton,Daphnia,30,4,Eastern Brook,4.62,Yes,"""3""",MP_R2_P4,G5,N719,N518,GCGTAGTA,CTATTAAG,,,16S,16S_515FPa_overhang,16S_805RAp_overhang,TCGTCGGCAGCGTCAGATGTGTATAAGAGACAGGTGYCAGCMGCCGCGGTAA,GTCTCGTGGGCTCGGAGATGTGTATAAGAGACAGGGACTACNVGGGTWTCTAAT
201_Z,MP_232_16S,Zooplankton,Daphnia,30,5,Cooney,1.5,Yes,"""3""",MP_R2_P4,H5,N719,N520,GCGTAGTA,AAGGCTAT,,,16S,16S_515FPa_overhang,16S_805RAp_overhang,TCGTCGGCAGCGTCAGATGTGTATAAGAGACAGGTGYCAGCMGCCGCGGTAA,GTCTCGTGGGCTCGGAGATGTGTATAAGAGACAGGGACTACNVGGGTWTCTAAT
148_Z,MP_233_16S,Zooplankton,Cyclopoid,50,4,Blue,6.51,Yes,"""3""",MP_R2_P4,A6,N720,N510,CGGAGCCT,CGTCTAAT,,,16S,16S_515FPa_overhang,16S_805RAp_overhang,TCGTCGGCAGCGTCAGATGTGTATAAGAGACAGGTGYCAGCMGCCGCGGTAA,GTCTCGTGGGCTCGGAGATGTGTATAAGAGACAGGGACTACNVGGGTWTCTAAT
215_Z,MP_234_16S,Zooplankton,Daphnia,30,5,Virginia,0.585,Yes,"""3""",MP_R2_P4,B6,N720,N511,CGGAGCCT,TCTCTCCG,,,16S,16S_515FPa_overhang,16S_805RAp_overhang,TCGTCGGCAGCGTCAGATGTGTATAAGAGACAGGTGYCAGCMGCCGCGGTAA,GTCTCGTGGGCTCGGAGATGTGTATAAGAGACAGGGACTACNVGGGTWTCTAAT
133_Z,MP_235_16S,Zooplankton,Cyclopoid,50,4,Virginia,6.04,Yes,"""3""",MP_R2_P4,C6,N720,N513,CGGAGCCT,TCGACTAG,,,16S,16S_515FPa_overhang,16S_805RAp_overhang,TCGTCGGCAGCGTCAGATGTGTATAAGAGACAGGTGYCAGCMGCCGCGGTAA,GTCTCGTGGGCTCGGAGATGTGTATAAGAGACAGGGACTACNVGGGTWTCTAAT
193_Z,MP_236_16S,Zooplankton,Bosmina,50,4,Serene,0.265,Yes,"""3""",MP_R2_P4,D6,N720,N515,CGGAGCCT,TTCTAGCT,,,16S,16S_515FPa_overhang,16S_805RAp_overhang,TCGTCGGCAGCGTCAGATGTGTATAAGAGACAGGTGYCAGCMGCCGCGGTAA,GTCTCGTGGGCTCGGAGATGTGTATAAGAGACAGGGACTACNVGGGTWTCTAAT
217_Z,MP_237_16S,Zooplankton,Daphnia,30,5,Virginia,0.563,Yes,"""3""",MP_R2_P4,E6,N720,N516,CGGAGCCT,CCTAGAGT,,,16S,16S_515FPa_overhang,16S_805RAp_overhang,TCGTCGGCAGCGTCAGATGTGTATAAGAGACAGGTGYCAGCMGCCGCGGTAA,GTCTCGTGGGCTCGGAGATGTGTATAAGAGACAGGGACTACNVGGGTWTCTAAT
158_Z,MP_238_16S,Zooplankton,Cyclopoid,50,4,Convict,8.46,Yes,"""3""",MP_R2_P4,F6,N720,N517,CGGAGCCT,GCGTAAGA,,,16S,16S_515FPa_overhang,16S_805RAp_overhang,TCGTCGGCAGCGTCAGATGTGTATAAGAGACAGGTGYCAGCMGCCGCGGTAA,GTCTCGTGGGCTCGGAGATGTGTATAAGAGACAGGGACTACNVGGGTWTCTAAT
207_Z,MP_239_16S,Zooplankton,Calanoid,50,5,Blue,12.5,Yes,"""3""",MP_R2_P4,G6,N720,N518,CGGAGCCT,CTATTAAG,,,16S,16S_515FPa_overhang,16S_805RAp_overhang,TCGTCGGCAGCGTCAGATGTGTATAAGAGACAGGTGYCAGCMGCCGCGGTAA,GTCTCGTGGGCTCGGAGATGTGTATAAGAGACAGGGACTACNVGGGTWTCTAAT
188_Z,MP_240_16S,Zooplankton,Daphnia,30,4,Serene,1.57,Yes,"""3""",MP_R2_P4,H6,N720,N520,CGGAGCCT,AAGGCTAT,,,16S,16S_515FPa_overhang,16S_805RAp_overhang,TCGTCGGCAGCGTCAGATGTGTATAAGAGACAGGTGYCAGCMGCCGCGGTAA,GTCTCGTGGGCTCGGAGATGTGTATAAGAGACAGGGACTACNVGGGTWTCTAAT
138_Z,MP_241_16S,Zooplankton,Calanoid,50,4,Virginia,11.2,Yes,"""3""",MP_R2_P4,A7,N721,N510,TACGCTGC,CGTCTAAT,,,16S,16S_515FPa_overhang,16S_805RAp_overhang,TCGTCGGCAGCGTCAGATGTGTATAAGAGACAGGTGYCAGCMGCCGCGGTAA,GTCTCGTGGGCTCGGAGATGTGTATAAGAGACAGGGACTACNVGGGTWTCTAAT
155_Z,MP_242_16S,Zooplankton,Daphnia,30,4,Convict,3.61,Yes,"""3""",MP_R2_P4,B7,N721,N511,TACGCTGC,TCTCTCCG,,,16S,16S_515FPa_overhang,16S_805RAp_overhang,TCGTCGGCAGCGTCAGATGTGTATAAGAGACAGGTGYCAGCMGCCGCGGTAA,GTCTCGTGGGCTCGGAGATGTGTATAAGAGACAGGGACTACNVGGGTWTCTAAT
PCRneg_6,MP_243_16S,"Control, PCR_NEG_6",NA,NA,NA,NA,NA,"Yes, negative (no band)","""3""",MP_R2_P4,C7,N721,N513,TACGCTGC,TCGACTAG,,,16S,16S_515FPa_overhang,16S_805RAp_overhang,TCGTCGGCAGCGTCAGATGTGTATAAGAGACAGGTGYCAGCMGCCGCGGTAA,GTCTCGTGGGCTCGGAGATGTGTATAAGAGACAGGGACTACNVGGGTWTCTAAT
167_Z,MP_244_16S,Zooplankton,Daphnia,30,4,Convict,3.61,Yes,"""3""",MP_R2_P4,D7,N721,N515,TACGCTGC,TTCTAGCT,,,16S,16S_515FPa_overhang,16S_805RAp_overhang,TCGTCGGCAGCGTCAGATGTGTATAAGAGACAGGTGYCAGCMGCCGCGGTAA,GTCTCGTGGGCTCGGAGATGTGTATAAGAGACAGGGACTACNVGGGTWTCTAAT
DNActrl_3,MP_245_16S,"Control, DNA_CTRL_3",NA,NA,NA,NA,NA,"Yes, negative (no band)","""3""",MP_R2_P4,E7,N721,N516,TACGCTGC,CCTAGAGT,,,16S,16S_515FPa_overhang,16S_805RAp_overhang,TCGTCGGCAGCGTCAGATGTGTATAAGAGACAGGTGYCAGCMGCCGCGGTAA,GTCTCGTGGGCTCGGAGATGTGTATAAGAGACAGGGACTACNVGGGTWTCTAAT
147_Z,MP_246_16S,Zooplankton,Calanoid,50,4,Blue,13.9,Yes,"""3""",MP_R2_P4,F7,N721,N517,TACGCTGC,GCGTAAGA,,,16S,16S_515FPa_overhang,16S_805RAp_overhang,TCGTCGGCAGCGTCAGATGTGTATAAGAGACAGGTGYCAGCMGCCGCGGTAA,GTCTCGTGGGCTCGGAGATGTGTATAAGAGACAGGGACTACNVGGGTWTCTAAT
218_Z,MP_247_16S,Zooplankton,Daphnia,30,5,Virginia,0.468,Yes,"""3""",MP_R2_P4,G7,N721,N518,TACGCTGC,CTATTAAG,,,16S,16S_515FPa_overhang,16S_805RAp_overhang,TCGTCGGCAGCGTCAGATGTGTATAAGAGACAGGTGYCAGCMGCCGCGGTAA,GTCTCGTGGGCTCGGAGATGTGTATAAGAGACAGGGACTACNVGGGTWTCTAAT
195_Z,MP_248_16S,Zooplankton,Holopedium,10,4,Serene,0.278,Yes,"""3""",MP_R2_P4,H7,N721,N520,TACGCTGC,AAGGCTAT,,,16S,16S_515FPa_overhang,16S_805RAp_overhang,TCGTCGGCAGCGTCAGATGTGTATAAGAGACAGGTGYCAGCMGCCGCGGTAA,GTCTCGTGGGCTCGGAGATGTGTATAAGAGACAGGGACTACNVGGGTWTCTAAT
161_Z,MP_249_16S,Zooplankton,Cyclopoid,50,4,Convict,6.7,Yes,"""3""",MP_R2_P4,A8,N722,N510,ATGCGCAG,CGTCTAAT,,,16S,16S_515FPa_overhang,16S_805RAp_overhang,TCGTCGGCAGCGTCAGATGTGTATAAGAGACAGGTGYCAGCMGCCGCGGTAA,GTCTCGTGGGCTCGGAGATGTGTATAAGAGACAGGGACTACNVGGGTWTCTAAT
198_Z,MP_250_16S,Zooplankton,Daphnia,30,5,Cooney,1.77,Yes,"""3""",MP_R2_P4,B8,N722,N511,ATGCGCAG,TCTCTCCG,,,16S,16S_515FPa_overhang,16S_805RAp_overhang,TCGTCGGCAGCGTCAGATGTGTATAAGAGACAGGTGYCAGCMGCCGCGGTAA,GTCTCGTGGGCTCGGAGATGTGTATAAGAGACAGGGACTACNVGGGTWTCTAAT
180_Z,MP_251_16S,Zooplankton,Cyclopoid,50,4,Eastern Brook,5.77,Yes,"""3""",MP_R2_P4,C8,N722,N513,ATGCGCAG,TCGACTAG,,,16S,16S_515FPa_overhang,16S_805RAp_overhang,TCGTCGGCAGCGTCAGATGTGTATAAGAGACAGGTGYCAGCMGCCGCGGTAA,GTCTCGTGGGCTCGGAGATGTGTATAAGAGACAGGGACTACNVGGGTWTCTAAT
146_Z,MP_252_16S,Zooplankton,Calanoid,50,4,Blue,17.5,Yes,"""3""",MP_R2_P4,D8,N722,N515,ATGCGCAG,TTCTAGCT,,,16S,16S_515FPa_overhang,16S_805RAp_overhang,TCGTCGGCAGCGTCAGATGTGTATAAGAGACAGGTGYCAGCMGCCGCGGTAA,GTCTCGTGGGCTCGGAGATGTGTATAAGAGACAGGGACTACNVGGGTWTCTAAT
187_Z,MP_253_16S,Zooplankton,Calanoid,50,4,Serene,29,Yes,"""3""",MP_R2_P4,E8,N722,N516,ATGCGCAG,CCTAGAGT,,,16S,16S_515FPa_overhang,16S_805RAp_overhang,TCGTCGGCAGCGTCAGATGTGTATAAGAGACAGGTGYCAGCMGCCGCGGTAA,GTCTCGTGGGCTCGGAGATGTGTATAAGAGACAGGGACTACNVGGGTWTCTAAT
140_Z,MP_254_16S,Zooplankton,Daphnia,30,4,Blue,1.09,Yes,"""3""",MP_R2_P4,F8,N722,N517,ATGCGCAG,GCGTAAGA,,,16S,16S_515FPa_overhang,16S_805RAp_overhang,TCGTCGGCAGCGTCAGATGTGTATAAGAGACAGGTGYCAGCMGCCGCGGTAA,GTCTCGTGGGCTCGGAGATGTGTATAAGAGACAGGGACTACNVGGGTWTCTAAT
202_Z,MP_255_16S,Zooplankton,Cyclopoid,50,5,Cooney,3.37,Yes,"""3""",MP_R2_P4,G8,N722,N518,ATGCGCAG,CTATTAAG,,,16S,16S_515FPa_overhang,16S_805RAp_overhang,TCGTCGGCAGCGTCAGATGTGTATAAGAGACAGGTGYCAGCMGCCGCGGTAA,GTCTCGTGGGCTCGGAGATGTGTATAAGAGACAGGGACTACNVGGGTWTCTAAT
151_Z,MP_256_16S,Zooplankton,Cyclopoid,35,4,Blue,2.37,Yes,"""3""",MP_R2_P4,H8,N722,N520,ATGCGCAG,AAGGCTAT,,,16S,16S_515FPa_overhang,16S_805RAp_overhang,TCGTCGGCAGCGTCAGATGTGTATAAGAGACAGGTGYCAGCMGCCGCGGTAA,GTCTCGTGGGCTCGGAGATGTGTATAAGAGACAGGGACTACNVGGGTWTCTAAT
204_Z,MP_257_16S,Zooplankton,Cyclopoid,50,5,Cooney,5.08,Yes,"""3""",MP_R2_P4,A9,N723,N510,TAGCGCTC,CGTCTAAT,,,16S,16S_515FPa_overhang,16S_805RAp_overhang,TCGTCGGCAGCGTCAGATGTGTATAAGAGACAGGTGYCAGCMGCCGCGGTAA,GTCTCGTGGGCTCGGAGATGTGTATAAGAGACAGGGACTACNVGGGTWTCTAAT
165_Z,MP_258_16S,Zooplankton,Daphnia,30,4,Cooney,1.49,Yes,"""3""",MP_R2_P4,B9,N723,N511,TAGCGCTC,TCTCTCCG,,,16S,16S_515FPa_overhang,16S_805RAp_overhang,TCGTCGGCAGCGTCAGATGTGTATAAGAGACAGGTGYCAGCMGCCGCGGTAA,GTCTCGTGGGCTCGGAGATGTGTATAAGAGACAGGGACTACNVGGGTWTCTAAT
191_Z,MP_259_16S,Zooplankton,Daphnia,30,4,Serene,0.563,Yes,"""3""",MP_R2_P4,C9,N723,N513,TAGCGCTC,TCGACTAG,,,16S,16S_515FPa_overhang,16S_805RAp_overhang,TCGTCGGCAGCGTCAGATGTGTATAAGAGACAGGTGYCAGCMGCCGCGGTAA,GTCTCGTGGGCTCGGAGATGTGTATAAGAGACAGGGACTACNVGGGTWTCTAAT
PCRpos_3,MP_260_16S,"Control, PCR_POS_3",NA,NA,NA,NA,NA,"Yes, positive (bright band)","""3""",MP_R2_P4,D9,N723,N515,TAGCGCTC,TTCTAGCT,,,16S,16S_515FPa_overhang,16S_805RAp_overhang,TCGTCGGCAGCGTCAGATGTGTATAAGAGACAGGTGYCAGCMGCCGCGGTAA,GTCTCGTGGGCTCGGAGATGTGTATAAGAGACAGGGACTACNVGGGTWTCTAAT
177_Z,MP_261_16S,Zooplankton,Daphnia,30,4,Eastern Brook,1.41,Yes,"""3""",MP_R2_P4,E9,N723,N516,TAGCGCTC,CCTAGAGT,,,16S,16S_515FPa_overhang,16S_805RAp_overhang,TCGTCGGCAGCGTCAGATGTGTATAAGAGACAGGTGYCAGCMGCCGCGGTAA,GTCTCGTGGGCTCGGAGATGTGTATAAGAGACAGGGACTACNVGGGTWTCTAAT
131_Z,MP_262_16S,Zooplankton,Daphnia,30,4,Virginia,0.831,Yes,"""3""",MP_R2_P4,F9,N723,N517,TAGCGCTC,GCGTAAGA,,,16S,16S_515FPa_overhang,16S_805RAp_overhang,TCGTCGGCAGCGTCAGATGTGTATAAGAGACAGGTGYCAGCMGCCGCGGTAA,GTCTCGTGGGCTCGGAGATGTGTATAAGAGACAGGGACTACNVGGGTWTCTAAT
182_Z,MP_263_16S,Zooplankton,Calanoid,50,4,Eastern Brook,10.7,Yes,"""3""",MP_R2_P4,G9,N723,N518,TAGCGCTC,CTATTAAG,,,16S,16S_515FPa_overhang,16S_805RAp_overhang,TCGTCGGCAGCGTCAGATGTGTATAAGAGACAGGTGYCAGCMGCCGCGGTAA,GTCTCGTGGGCTCGGAGATGTGTATAAGAGACAGGGACTACNVGGGTWTCTAAT
211_Z,MP_264_16S,Zooplankton,Daphnia,30,5,Blue,1.22,Yes,"""3""",MP_R2_P4,H9,N723,N520,TAGCGCTC,AAGGCTAT,,,16S,16S_515FPa_overhang,16S_805RAp_overhang,TCGTCGGCAGCGTCAGATGTGTATAAGAGACAGGTGYCAGCMGCCGCGGTAA,GTCTCGTGGGCTCGGAGATGTGTATAAGAGACAGGGACTACNVGGGTWTCTAAT
169_Z,MP_265_16S,Zooplankton,Calanoid,50,4,Cooney,38.2,Yes,"""3""",MP_R2_P4,A10,N724,N510,ACTGAGCG,CGTCTAAT,,,16S,16S_515FPa_overhang,16S_805RAp_overhang,TCGTCGGCAGCGTCAGATGTGTATAAGAGACAGGTGYCAGCMGCCGCGGTAA,GTCTCGTGGGCTCGGAGATGTGTATAAGAGACAGGGACTACNVGGGTWTCTAAT
213_Z,MP_266_16S,Zooplankton,Daphnia,30,5,Blue,0.985,Yes,"""3""",MP_R2_P4,B10,N724,N511,ACTGAGCG,TCTCTCCG,,,16S,16S_515FPa_overhang,16S_805RAp_overhang,TCGTCGGCAGCGTCAGATGTGTATAAGAGACAGGTGYCAGCMGCCGCGGTAA,GTCTCGTGGGCTCGGAGATGTGTATAAGAGACAGGGACTACNVGGGTWTCTAAT
149_Z,MP_267_16S,Zooplankton,Cyclopoid,50,4,Blue,4.54,Yes,"""3""",MP_R2_P4,C10,N724,N513,ACTGAGCG,TCGACTAG,,,16S,16S_515FPa_overhang,16S_805RAp_overhang,TCGTCGGCAGCGTCAGATGTGTATAAGAGACAGGTGYCAGCMGCCGCGGTAA,GTCTCGTGGGCTCGGAGATGTGTATAAGAGACAGGGACTACNVGGGTWTCTAAT
220_Z,MP_268_16S,Zooplankton,Cyclopoid,50,5,Virginia,2.72,Yes,"""3""",MP_R2_P4,D10,N724,N515,ACTGAGCG,TTCTAGCT,,,16S,16S_515FPa_overhang,16S_805RAp_overhang,TCGTCGGCAGCGTCAGATGTGTATAAGAGACAGGTGYCAGCMGCCGCGGTAA,GTCTCGTGGGCTCGGAGATGTGTATAAGAGACAGGGACTACNVGGGTWTCTAAT
189_Z,MP_269_16S,Zooplankton,Daphnia,30,4,Serene,0.61,Yes,"""3""",MP_R2_P4,E10,N724,N516,ACTGAGCG,CCTAGAGT,,,16S,16S_515FPa_overhang,16S_805RAp_overhang,TCGTCGGCAGCGTCAGATGTGTATAAGAGACAGGTGYCAGCMGCCGCGGTAA,GTCTCGTGGGCTCGGAGATGTGTATAAGAGACAGGGACTACNVGGGTWTCTAAT
156_Z,MP_270_16S,Zooplankton,Daphnia,30,4,Convict,1.44,Yes,"""3""",MP_R2_P4,F10,N724,N517,ACTGAGCG,GCGTAAGA,,,16S,16S_515FPa_overhang,16S_805RAp_overhang,TCGTCGGCAGCGTCAGATGTGTATAAGAGACAGGTGYCAGCMGCCGCGGTAA,GTCTCGTGGGCTCGGAGATGTGTATAAGAGACAGGGACTACNVGGGTWTCTAAT
206_Z,MP_271_16S,Zooplankton,Calanoid,50,5,Blue,6.31,Yes,"""3""",MP_R2_P4,G10,N724,N518,ACTGAGCG,CTATTAAG,,,16S,16S_515FPa_overhang,16S_805RAp_overhang,TCGTCGGCAGCGTCAGATGTGTATAAGAGACAGGTGYCAGCMGCCGCGGTAA,GTCTCGTGGGCTCGGAGATGTGTATAAGAGACAGGGACTACNVGGGTWTCTAAT
132_Z,MP_272_16S,Zooplankton,Daphnia,30,4,Virginia,1.01,Yes,"""3""",MP_R2_P4,H10,N724,N520,ACTGAGCG,AAGGCTAT,,,16S,16S_515FPa_overhang,16S_805RAp_overhang,TCGTCGGCAGCGTCAGATGTGTATAAGAGACAGGTGYCAGCMGCCGCGGTAA,GTCTCGTGGGCTCGGAGATGTGTATAAGAGACAGGGACTACNVGGGTWTCTAAT
139_Z,MP_273_16S,Zooplankton,Calanoid,50,4,Virginia,8.98,Yes,"""3""",MP_R2_P4,A11,N726,N510,CCTAAGAC,CGTCTAAT,,,16S,16S_515FPa_overhang,16S_805RAp_overhang,TCGTCGGCAGCGTCAGATGTGTATAAGAGACAGGTGYCAGCMGCCGCGGTAA,GTCTCGTGGGCTCGGAGATGTGTATAAGAGACAGGGACTACNVGGGTWTCTAAT
199_Z,MP_274_16S,Zooplankton,Daphnia,30,5,Cooney,1.12,Yes,"""3""",MP_R2_P4,B11,N726,N511,CCTAAGAC,TCTCTCCG,,,16S,16S_515FPa_overhang,16S_805RAp_overhang,TCGTCGGCAGCGTCAGATGTGTATAAGAGACAGGTGYCAGCMGCCGCGGTAA,GTCTCGTGGGCTCGGAGATGTGTATAAGAGACAGGGACTACNVGGGTWTCTAAT
159_Z,MP_275_16S,Zooplankton,Cyclopoid,50,4,Convict,9.2,Yes,"""3""",MP_R2_P4,C11,N726,N513,CCTAAGAC,TCGACTAG,,,16S,16S_515FPa_overhang,16S_805RAp_overhang,TCGTCGGCAGCGTCAGATGTGTATAAGAGACAGGTGYCAGCMGCCGCGGTAA,GTCTCGTGGGCTCGGAGATGTGTATAAGAGACAGGGACTACNVGGGTWTCTAAT
208_Z,MP_276_16S,Zooplankton,Calanoid,50,5,Blue,5.8,Yes,"""3""",MP_R2_P4,D11,N726,N515,CCTAAGAC,TTCTAGCT,,,16S,16S_515FPa_overhang,16S_805RAp_overhang,TCGTCGGCAGCGTCAGATGTGTATAAGAGACAGGTGYCAGCMGCCGCGGTAA,GTCTCGTGGGCTCGGAGATGTGTATAAGAGACAGGGACTACNVGGGTWTCTAAT
200_Z,MP_277_16S,Zooplankton,Daphnia,30,5,Cooney,1.44,Yes,"""3""",MP_R2_P4,E11,N726,N516,CCTAAGAC,CCTAGAGT,,,16S,16S_515FPa_overhang,16S_805RAp_overhang,TCGTCGGCAGCGTCAGATGTGTATAAGAGACAGGTGYCAGCMGCCGCGGTAA,GTCTCGTGGGCTCGGAGATGTGTATAAGAGACAGGGACTACNVGGGTWTCTAAT
214_Z,MP_278_16S,Zooplankton,Daphnia,30,5,Blue,0.27,Yes,"""3""",MP_R2_P4,F11,N726,N517,CCTAAGAC,GCGTAAGA,,,16S,16S_515FPa_overhang,16S_805RAp_overhang,TCGTCGGCAGCGTCAGATGTGTATAAGAGACAGGTGYCAGCMGCCGCGGTAA,GTCTCGTGGGCTCGGAGATGTGTATAAGAGACAGGGACTACNVGGGTWTCTAAT
171_Z,MP_279_16S,Zooplankton,Calanoid,50,4,Cooney,33.5,Yes,"""3""",MP_R2_P4,G11,N726,N518,CCTAAGAC,CTATTAAG,,,16S,16S_515FPa_overhang,16S_805RAp_overhang,TCGTCGGCAGCGTCAGATGTGTATAAGAGACAGGTGYCAGCMGCCGCGGTAA,GTCTCGTGGGCTCGGAGATGTGTATAAGAGACAGGGACTACNVGGGTWTCTAAT
210_Z,MP_280_16S,Zooplankton,Cyclopoid,50,5,Blue,7.36,Yes,"""3""",MP_R2_P4,H11,N726,N520,CCTAAGAC,AAGGCTAT,,,16S,16S_515FPa_overhang,16S_805RAp_overhang,TCGTCGGCAGCGTCAGATGTGTATAAGAGACAGGTGYCAGCMGCCGCGGTAA,GTCTCGTGGGCTCGGAGATGTGTATAAGAGACAGGGACTACNVGGGTWTCTAAT
157_Z,MP_281_16S,Zooplankton,Daphnia,30,4,Convict,1.69,Yes,"""3""",MP_R2_P4,A12,N727,N510,CGATCAGT,CGTCTAAT,,,16S,16S_515FPa_overhang,16S_805RAp_overhang,TCGTCGGCAGCGTCAGATGTGTATAAGAGACAGGTGYCAGCMGCCGCGGTAA,GTCTCGTGGGCTCGGAGATGTGTATAAGAGACAGGGACTACNVGGGTWTCTAAT
212_Z,MP_282_16S,Zooplankton,Daphnia,30,5,Blue,1.1,Yes,"""3""",MP_R2_P4,B12,N727,N511,CGATCAGT,TCTCTCCG,,,16S,16S_515FPa_overhang,16S_805RAp_overhang,TCGTCGGCAGCGTCAGATGTGTATAAGAGACAGGTGYCAGCMGCCGCGGTAA,GTCTCGTGGGCTCGGAGATGTGTATAAGAGACAGGGACTACNVGGGTWTCTAAT
179_Z,MP_283_16S,Zooplankton,Cyclopoid,50,4,Eastern Brook,10.7,Yes,"""3""",MP_R2_P4,C12,N727,N513,CGATCAGT,TCGACTAG,,,16S,16S_515FPa_overhang,16S_805RAp_overhang,TCGTCGGCAGCGTCAGATGTGTATAAGAGACAGGTGYCAGCMGCCGCGGTAA,GTCTCGTGGGCTCGGAGATGTGTATAAGAGACAGGGACTACNVGGGTWTCTAAT
196_Z,MP_284_16S,Zooplankton,Holopedium,10,4,Serene,0.794,Yes,"""3""",MP_R2_P4,D12,N727,N515,CGATCAGT,TTCTAGCT,,,16S,16S_515FPa_overhang,16S_805RAp_overhang,TCGTCGGCAGCGTCAGATGTGTATAAGAGACAGGTGYCAGCMGCCGCGGTAA,GTCTCGTGGGCTCGGAGATGTGTATAAGAGACAGGGACTACNVGGGTWTCTAAT
163_Z,MP_285_16S,Zooplankton,Calanoid,50,4,Convict,11.1,Yes,"""3""",MP_R2_P4,E12,N727,N516,CGATCAGT,CCTAGAGT,,,16S,16S_515FPa_overhang,16S_805RAp_overhang,TCGTCGGCAGCGTCAGATGTGTATAAGAGACAGGTGYCAGCMGCCGCGGTAA,GTCTCGTGGGCTCGGAGATGTGTATAAGAGACAGGGACTACNVGGGTWTCTAAT
192_Z,MP_286_16S,Zooplankton,Bosmina,50,4,Serene,0.05,Yes,"""3""",MP_R2_P4,F12,N727,N517,CGATCAGT,GCGTAAGA,,,16S,16S_515FPa_overhang,16S_805RAp_overhang,TCGTCGGCAGCGTCAGATGTGTATAAGAGACAGGTGYCAGCMGCCGCGGTAA,GTCTCGTGGGCTCGGAGATGTGTATAAGAGACAGGGACTACNVGGGTWTCTAAT
141_Z,MP_287_16S,Zooplankton,Daphnia,30,4,Blue,1.35,Yes,"""3""",MP_R2_P4,G12,N727,N518,CGATCAGT,CTATTAAG,,,16S,16S_515FPa_overhang,16S_805RAp_overhang,TCGTCGGCAGCGTCAGATGTGTATAAGAGACAGGTGYCAGCMGCCGCGGTAA,GTCTCGTGGGCTCGGAGATGTGTATAAGAGACAGGGACTACNVGGGTWTCTAAT
183_Z,MP_288_16S,Zooplankton,Calanoid,50,4,Eastern Brook,12.5,Yes,"""3""",MP_R2_P4,H12,N727,N520,CGATCAGT,AAGGCTAT,,,16S,16S_515FPa_overhang,16S_805RAp_overhang,TCGTCGGCAGCGTCAGATGTGTATAAGAGACAGGTGYCAGCMGCCGCGGTAA,GTCTCGTGGGCTCGGAGATGTGTATAAGAGACAGGGACTACNVGGGTWTCTAAT
27_Z,MP_289_16S,Zooplankton,Calanoid,50,2,Convict,21.9,Yes,"""4""",MP_R2_P5,A1,N701,N521,TAAGGCGA,GAGCCTTA,,,16S,16S_515FPa_overhang,16S_805RAp_overhang,TCGTCGGCAGCGTCAGATGTGTATAAGAGACAGGTGYCAGCMGCCGCGGTAA,GTCTCGTGGGCTCGGAGATGTGTATAAGAGACAGGGACTACNVGGGTWTCTAAT
39_W,MP_290_16S,Water,NA,NA,4,Serene,too low,Yes,"""4""",MP_R2_P5,B1,N714,N521,GCTCATGA,GAGCCTTA,,,16S,16S_515FPa_overhang,16S_805RAp_overhang,TCGTCGGCAGCGTCAGATGTGTATAAGAGACAGGTGYCAGCMGCCGCGGTAA,GTCTCGTGGGCTCGGAGATGTGTATAAGAGACAGGGACTACNVGGGTWTCTAAT
1_Z,MP_291_16S,Zooplankton,Daphnia,30,2,Eastern Brook,too low,Yes,"""4""",MP_R2_P5,C1,N701,N522,TAAGGCGA,TTATGCGA,,,16S,16S_515FPa_overhang,16S_805RAp_overhang,TCGTCGGCAGCGTCAGATGTGTATAAGAGACAGGTGYCAGCMGCCGCGGTAA,GTCTCGTGGGCTCGGAGATGTGTATAAGAGACAGGGACTACNVGGGTWTCTAAT
38_W,MP_292_16S,Water,NA,NA,4,Eastern Brook,1.64,Yes,"""4""",MP_R2_P5,D1,N714,N522,GCTCATGA,TTATGCGA,,,16S,16S_515FPa_overhang,16S_805RAp_overhang,TCGTCGGCAGCGTCAGATGTGTATAAGAGACAGGTGYCAGCMGCCGCGGTAA,GTCTCGTGGGCTCGGAGATGTGTATAAGAGACAGGGACTACNVGGGTWTCTAAT
13_Z,MP_293_16S,Zooplankton,Ceriodaphnia,50,2,Serene,0.377,Yes,"""4""",MP_R2_P5,E1,N728,N501,TGCAGCTA,TAGATCGC,,,16S,16S_515FPa_overhang,16S_805RAp_overhang,TCGTCGGCAGCGTCAGATGTGTATAAGAGACAGGTGYCAGCMGCCGCGGTAA,GTCTCGTGGGCTCGGAGATGTGTATAAGAGACAGGGACTACNVGGGTWTCTAAT
125_Z,MP_294_16S,Zooplankton,Ceriodaphnia,50,3,Serene,4.61,Yes,"""4""",MP_R2_P5,F1,N728,N505,TGCAGCTA,GTAAGGAG,,,16S,16S_515FPa_overhang,16S_805RAp_overhang,TCGTCGGCAGCGTCAGATGTGTATAAGAGACAGGTGYCAGCMGCCGCGGTAA,GTCTCGTGGGCTCGGAGATGTGTATAAGAGACAGGGACTACNVGGGTWTCTAAT
121_Z,MP_295_16S,Zooplankton,Holopedium,10,3,Serene,0.391,Yes,"""4""",MP_R2_P5,G1,N728,N510,TGCAGCTA,CGTCTAAT,,,16S,16S_515FPa_overhang,16S_805RAp_overhang,TCGTCGGCAGCGTCAGATGTGTATAAGAGACAGGTGYCAGCMGCCGCGGTAA,GTCTCGTGGGCTCGGAGATGTGTATAAGAGACAGGGACTACNVGGGTWTCTAAT
32_W,MP_296_16S,Water,NA,NA,3,Eastern Brook,6.28,Yes,"""4""",MP_R2_P5,H1,N728,N516,TGCAGCTA,CCTAGAGT,,,16S,16S_515FPa_overhang,16S_805RAp_overhang,TCGTCGGCAGCGTCAGATGTGTATAAGAGACAGGTGYCAGCMGCCGCGGTAA,GTCTCGTGGGCTCGGAGATGTGTATAAGAGACAGGGACTACNVGGGTWTCTAAT
239_Z,MP_297_16S,Zooplankton,Calanoid,50,5,Serene,15.4,Yes,"""4""",MP_R2_P5,A2,N702,N521,CGTACTAG,GAGCCTTA,,,16S,16S_515FPa_overhang,16S_805RAp_overhang,TCGTCGGCAGCGTCAGATGTGTATAAGAGACAGGTGYCAGCMGCCGCGGTAA,GTCTCGTGGGCTCGGAGATGTGTATAAGAGACAGGGACTACNVGGGTWTCTAAT
9_W,MP_298_16S,Water,NA,NA,1,Cooney,8.91,Yes,"""4""",MP_R2_P5,B2,N715,N521,ATCTCAGG,GAGCCTTA,,,16S,16S_515FPa_overhang,16S_805RAp_overhang,TCGTCGGCAGCGTCAGATGTGTATAAGAGACAGGTGYCAGCMGCCGCGGTAA,GTCTCGTGGGCTCGGAGATGTGTATAAGAGACAGGGACTACNVGGGTWTCTAAT
225_Z,MP_299_16S,Zooplankton,Daphnia,30,5,Eastern Brook,1.09,Yes,"""4""",MP_R2_P5,C2,N702,N522,CGTACTAG,TTATGCGA,,,16S,16S_515FPa_overhang,16S_805RAp_overhang,TCGTCGGCAGCGTCAGATGTGTATAAGAGACAGGTGYCAGCMGCCGCGGTAA,GTCTCGTGGGCTCGGAGATGTGTATAAGAGACAGGGACTACNVGGGTWTCTAAT
27_W,MP_300_16S,Water,NA,NA,2,Serene,5.04,Yes,"""4""",MP_R2_P5,D2,N715,N522,ATCTCAGG,TTATGCGA,,,16S,16S_515FPa_overhang,16S_805RAp_overhang,TCGTCGGCAGCGTCAGATGTGTATAAGAGACAGGTGYCAGCMGCCGCGGTAA,GTCTCGTGGGCTCGGAGATGTGTATAAGAGACAGGGACTACNVGGGTWTCTAAT
PCRpos_4,MP_301_16S,"Control, PCR_POS_4",NA,NA,NA,NA,NA,"Yes, positive (bright band)","""4""",MP_R2_P5,E2,N728,N502,TGCAGCTA,CTCTCTAT,,,16S,16S_515FPa_overhang,16S_805RAp_overhang,TCGTCGGCAGCGTCAGATGTGTATAAGAGACAGGTGYCAGCMGCCGCGGTAA,GTCTCGTGGGCTCGGAGATGTGTATAAGAGACAGGGACTACNVGGGTWTCTAAT
52_W,MP_302_16S,Water,NA,NA,1,Serene,5.07,Yes,"""4""",MP_R2_P5,F2,N728,N506,TGCAGCTA,ACTGCATA,,,16S,16S_515FPa_overhang,16S_805RAp_overhang,TCGTCGGCAGCGTCAGATGTGTATAAGAGACAGGTGYCAGCMGCCGCGGTAA,GTCTCGTGGGCTCGGAGATGTGTATAAGAGACAGGGACTACNVGGGTWTCTAAT
228_Z,MP_303_16S,Zooplankton,Cyclopoid,50,5,Eastern Brook,3.17,Yes,"""4""",MP_R2_P5,G2,N728,N511,TGCAGCTA,TCTCTCCG,,,16S,16S_515FPa_overhang,16S_805RAp_overhang,TCGTCGGCAGCGTCAGATGTGTATAAGAGACAGGTGYCAGCMGCCGCGGTAA,GTCTCGTGGGCTCGGAGATGTGTATAAGAGACAGGGACTACNVGGGTWTCTAAT
235_Z,MP_304_16S,Zooplankton,Daphnia,30,5,Serene,too low,Yes,"""4""",MP_R2_P5,H2,N728,N517,TGCAGCTA,GCGTAAGA,,,16S,16S_515FPa_overhang,16S_805RAp_overhang,TCGTCGGCAGCGTCAGATGTGTATAAGAGACAGGTGYCAGCMGCCGCGGTAA,GTCTCGTGGGCTCGGAGATGTGTATAAGAGACAGGGACTACNVGGGTWTCTAAT
234_Z,MP_305_16S,Zooplankton,Daphnia,30,5,Serene,0.319,Yes,"""4""",MP_R2_P5,A3,N703,N521,AGGCAGAA,GAGCCTTA,,,16S,16S_515FPa_overhang,16S_805RAp_overhang,TCGTCGGCAGCGTCAGATGTGTATAAGAGACAGGTGYCAGCMGCCGCGGTAA,GTCTCGTGGGCTCGGAGATGTGTATAAGAGACAGGGACTACNVGGGTWTCTAAT
256_Z,MP_306_16S,Zooplankton,Cyclopoid,50,5,Convict,17.4,Yes,"""4""",MP_R2_P5,B3,N716,N521,ACTCGCTA,GAGCCTTA,,,16S,16S_515FPa_overhang,16S_805RAp_overhang,TCGTCGGCAGCGTCAGATGTGTATAAGAGACAGGTGYCAGCMGCCGCGGTAA,GTCTCGTGGGCTCGGAGATGTGTATAAGAGACAGGGACTACNVGGGTWTCTAAT
251_Z,MP_307_16S,Zooplankton,Calanoid,50,5,Convict,16.3,Yes,"""4""",MP_R2_P5,C3,N703,N522,AGGCAGAA,TTATGCGA,,,16S,16S_515FPa_overhang,16S_805RAp_overhang,TCGTCGGCAGCGTCAGATGTGTATAAGAGACAGGTGYCAGCMGCCGCGGTAA,GTCTCGTGGGCTCGGAGATGTGTATAAGAGACAGGGACTACNVGGGTWTCTAAT
50_W,MP_308_16S,Water,NA,NA,1,Convict,1.32,Yes,"""4""",MP_R2_P5,D3,N716,N522,ACTCGCTA,TTATGCGA,,,16S,16S_515FPa_overhang,16S_805RAp_overhang,TCGTCGGCAGCGTCAGATGTGTATAAGAGACAGGTGYCAGCMGCCGCGGTAA,GTCTCGTGGGCTCGGAGATGTGTATAAGAGACAGGGACTACNVGGGTWTCTAAT
246_Z,MP_309_16S,Zooplankton,Daphnia,30,5,Convict,1.36,Yes,"""4""",MP_R2_P5,E3,N728,N503,TGCAGCTA,TATCCTCT,,,16S,16S_515FPa_overhang,16S_805RAp_overhang,TCGTCGGCAGCGTCAGATGTGTATAAGAGACAGGTGYCAGCMGCCGCGGTAA,GTCTCGTGGGCTCGGAGATGTGTATAAGAGACAGGGACTACNVGGGTWTCTAAT
227_Z,MP_310_16S,Zooplankton,Daphnia,30,5,Eastern Brook,0.512,Yes,"""4""",MP_R2_P5,F3,N728,N507,TGCAGCTA,AAGGAGTA,,,16S,16S_515FPa_overhang,16S_805RAp_overhang,TCGTCGGCAGCGTCAGATGTGTATAAGAGACAGGTGYCAGCMGCCGCGGTAA,GTCTCGTGGGCTCGGAGATGTGTATAAGAGACAGGGACTACNVGGGTWTCTAAT
DNActrl_5,MP_311_16S,"Control, DNA_CTRL_5",NA,NA,NA,NA,NA,"Yes, negative (no band)","""4""",MP_R2_P5,G3,N728,N513,TGCAGCTA,TCGACTAG,,,16S,16S_515FPa_overhang,16S_805RAp_overhang,TCGTCGGCAGCGTCAGATGTGTATAAGAGACAGGTGYCAGCMGCCGCGGTAA,GTCTCGTGGGCTCGGAGATGTGTATAAGAGACAGGGACTACNVGGGTWTCTAAT
51_W,MP_312_16S,Water,NA,NA,1,Eastern Brook,4.18,Yes,"""4""",MP_R2_P5,H3,N728,N518,TGCAGCTA,CTATTAAG,,,16S,16S_515FPa_overhang,16S_805RAp_overhang,TCGTCGGCAGCGTCAGATGTGTATAAGAGACAGGTGYCAGCMGCCGCGGTAA,GTCTCGTGGGCTCGGAGATGTGTATAAGAGACAGGGACTACNVGGGTWTCTAAT
37_W,MP_313_16S,Water,NA,NA,4,Convict,1.54,Yes,"""4""",MP_R2_P5,A4,N704,N521,TCCTGAGC,GAGCCTTA,,,16S,16S_515FPa_overhang,16S_805RAp_overhang,TCGTCGGCAGCGTCAGATGTGTATAAGAGACAGGTGYCAGCMGCCGCGGTAA,GTCTCGTGGGCTCGGAGATGTGTATAAGAGACAGGGACTACNVGGGTWTCTAAT
231_Z,MP_314_16S,Zooplankton,Cyclopoid,50,5,Eastern Brook,2.53,Yes,"""4""",MP_R2_P5,B4,N718,N521,GGAGCTAC,GAGCCTTA,,,16S,16S_515FPa_overhang,16S_805RAp_overhang,TCGTCGGCAGCGTCAGATGTGTATAAGAGACAGGTGYCAGCMGCCGCGGTAA,GTCTCGTGGGCTCGGAGATGTGTATAAGAGACAGGGACTACNVGGGTWTCTAAT
33_W,MP_315_16S,Water,NA,NA,3,Serene,1.16,Yes,"""4""",MP_R2_P5,C4,N704,N522,TCCTGAGC,TTATGCGA,,,16S,16S_515FPa_overhang,16S_805RAp_overhang,TCGTCGGCAGCGTCAGATGTGTATAAGAGACAGGTGYCAGCMGCCGCGGTAA,GTCTCGTGGGCTCGGAGATGTGTATAAGAGACAGGGACTACNVGGGTWTCTAAT
223_Z,MP_316_16S,Zooplankton,Cyclopoid,50,5,Virginia,4.96,Yes,"""4""",MP_R2_P5,D4,N718,N522,GGAGCTAC,TTATGCGA,,,16S,16S_515FPa_overhang,16S_805RAp_overhang,TCGTCGGCAGCGTCAGATGTGTATAAGAGACAGGTGYCAGCMGCCGCGGTAA,GTCTCGTGGGCTCGGAGATGTGTATAAGAGACAGGGACTACNVGGGTWTCTAAT
8_W,MP_317_16S,Water,NA,NA,1,Virginia,13.7,Yes,"""4""",MP_R2_P5,E4,N728,N504,TGCAGCTA,AGAGTAGA,,,16S,16S_515FPa_overhang,16S_805RAp_overhang,TCGTCGGCAGCGTCAGATGTGTATAAGAGACAGGTGYCAGCMGCCGCGGTAA,GTCTCGTGGGCTCGGAGATGTGTATAAGAGACAGGGACTACNVGGGTWTCTAAT
229_Z,MP_318_16S,Zooplankton,Cyclopoid,50,5,Eastern Brook,2.62,Yes,"""4""",MP_R2_P5,F4,N728,N508,TGCAGCTA,CTAAGCCT,,,16S,16S_515FPa_overhang,16S_805RAp_overhang,TCGTCGGCAGCGTCAGATGTGTATAAGAGACAGGTGYCAGCMGCCGCGGTAA,GTCTCGTGGGCTCGGAGATGTGTATAAGAGACAGGGACTACNVGGGTWTCTAAT
254_Z,MP_319_16S,Zooplankton,Cyclopoid,50,5,Convict,15.9,Yes,"""4""",MP_R2_P5,G4,N728,N515,TGCAGCTA,TTCTAGCT,,,16S,16S_515FPa_overhang,16S_805RAp_overhang,TCGTCGGCAGCGTCAGATGTGTATAAGAGACAGGTGYCAGCMGCCGCGGTAA,GTCTCGTGGGCTCGGAGATGTGTATAAGAGACAGGGACTACNVGGGTWTCTAAT
245_Z,MP_320_16S,Zooplankton,Holopedium,10,5,Serene,0.628,Yes,"""4""",MP_R2_P5,H4,N728,N520,TGCAGCTA,AAGGCTAT,,,16S,16S_515FPa_overhang,16S_805RAp_overhang,TCGTCGGCAGCGTCAGATGTGTATAAGAGACAGGTGYCAGCMGCCGCGGTAA,GTCTCGTGGGCTCGGAGATGTGTATAAGAGACAGGGACTACNVGGGTWTCTAAT
242_Z,MP_321_16S,Zooplankton,Ceriodaphnia,50,5,Serene,0.342,Yes,"""4""",MP_R2_P5,A5,N705,N521,GGACTCCT,GAGCCTTA,,,16S,16S_515FPa_overhang,16S_805RAp_overhang,TCGTCGGCAGCGTCAGATGTGTATAAGAGACAGGTGYCAGCMGCCGCGGTAA,GTCTCGTGGGCTCGGAGATGTGTATAAGAGACAGGGACTACNVGGGTWTCTAAT
25_W,MP_322_16S,Water,NA,NA,2,Convict,4.46,Yes,"""4""",MP_R2_P5,B5,N719,N521,GCGTAGTA,GAGCCTTA,,,16S,16S_515FPa_overhang,16S_805RAp_overhang,TCGTCGGCAGCGTCAGATGTGTATAAGAGACAGGTGYCAGCMGCCGCGGTAA,GTCTCGTGGGCTCGGAGATGTGTATAAGAGACAGGGACTACNVGGGTWTCTAAT
241_Z,MP_323_16S,Zooplankton,Ceriodaphnia,50,5,Serene,0.085,Yes,"""4""",MP_R2_P5,C5,N705,N522,GGACTCCT,TTATGCGA,,,16S,16S_515FPa_overhang,16S_805RAp_overhang,TCGTCGGCAGCGTCAGATGTGTATAAGAGACAGGTGYCAGCMGCCGCGGTAA,GTCTCGTGGGCTCGGAGATGTGTATAAGAGACAGGGACTACNVGGGTWTCTAAT
226_Z,MP_324_16S,Zooplankton,Daphnia,30,5,Eastern Brook,0.697,Yes,"""4""",MP_R2_P5,D5,N719,N522,GCGTAGTA,TTATGCGA,,,16S,16S_515FPa_overhang,16S_805RAp_overhang,TCGTCGGCAGCGTCAGATGTGTATAAGAGACAGGTGYCAGCMGCCGCGGTAA,GTCTCGTGGGCTCGGAGATGTGTATAAGAGACAGGGACTACNVGGGTWTCTAAT
253_Z,MP_325_16S,Zooplankton,Calanoid,50,5,Convict,6.38,Yes,"""4""",MP_R2_P5,E5,N729,N501,TCGACGTC,TAGATCGC,,,16S,16S_515FPa_overhang,16S_805RAp_overhang,TCGTCGGCAGCGTCAGATGTGTATAAGAGACAGGTGYCAGCMGCCGCGGTAA,GTCTCGTGGGCTCGGAGATGTGTATAAGAGACAGGGACTACNVGGGTWTCTAAT
243_Z,MP_326_16S,Zooplankton,Ceriodaphnia,50,5,Serene,too low,Yes,"""4""",MP_R2_P5,F5,N729,N505,TCGACGTC,GTAAGGAG,,,16S,16S_515FPa_overhang,16S_805RAp_overhang,TCGTCGGCAGCGTCAGATGTGTATAAGAGACAGGTGYCAGCMGCCGCGGTAA,GTCTCGTGGGCTCGGAGATGTGTATAAGAGACAGGGACTACNVGGGTWTCTAAT
26_W,MP_327_16S,Water,NA,NA,2,Eastern Brook,7.7,Yes,"""4""",MP_R2_P5,G5,N729,N510,TCGACGTC,CGTCTAAT,,,16S,16S_515FPa_overhang,16S_805RAp_overhang,TCGTCGGCAGCGTCAGATGTGTATAAGAGACAGGTGYCAGCMGCCGCGGTAA,GTCTCGTGGGCTCGGAGATGTGTATAAGAGACAGGGACTACNVGGGTWTCTAAT
30_W,MP_328_16S,Water,NA,NA,2,Virginia,13.4,Yes,"""4""",MP_R2_P5,H5,N729,N516,TCGACGTC,CCTAGAGT,,,16S,16S_515FPa_overhang,16S_805RAp_overhang,TCGTCGGCAGCGTCAGATGTGTATAAGAGACAGGTGYCAGCMGCCGCGGTAA,GTCTCGTGGGCTCGGAGATGTGTATAAGAGACAGGGACTACNVGGGTWTCTAAT
257_Z,MP_329_16S,Zooplankton,Cyclopoid,50,5,Convict,5.3,Yes,"""4""",MP_R2_P5,A6,N706,N521,TAGGCATG,GAGCCTTA,,,16S,16S_515FPa_overhang,16S_805RAp_overhang,TCGTCGGCAGCGTCAGATGTGTATAAGAGACAGGTGYCAGCMGCCGCGGTAA,GTCTCGTGGGCTCGGAGATGTGTATAAGAGACAGGGACTACNVGGGTWTCTAAT
43_W,MP_330_16S,Water,NA,NA,5,Convict,0.365,Yes,"""4""",MP_R2_P5,B6,N720,N521,CGGAGCCT,GAGCCTTA,,,16S,16S_515FPa_overhang,16S_805RAp_overhang,TCGTCGGCAGCGTCAGATGTGTATAAGAGACAGGTGYCAGCMGCCGCGGTAA,GTCTCGTGGGCTCGGAGATGTGTATAAGAGACAGGGACTACNVGGGTWTCTAAT
237_Z,MP_331_16S,Zooplankton,Calanoid,50,5,Serene,17.7,Yes,"""4""",MP_R2_P5,C6,N706,N522,TAGGCATG,TTATGCGA,,,16S,16S_515FPa_overhang,16S_805RAp_overhang,TCGTCGGCAGCGTCAGATGTGTATAAGAGACAGGTGYCAGCMGCCGCGGTAA,GTCTCGTGGGCTCGGAGATGTGTATAAGAGACAGGGACTACNVGGGTWTCTAAT
28_W,MP_332_16S,Water,NA,NA,2,Cooney,8.81,Yes,"""4""",MP_R2_P5,D6,N720,N522,CGGAGCCT,TTATGCGA,,,16S,16S_515FPa_overhang,16S_805RAp_overhang,TCGTCGGCAGCGTCAGATGTGTATAAGAGACAGGTGYCAGCMGCCGCGGTAA,GTCTCGTGGGCTCGGAGATGTGTATAAGAGACAGGGACTACNVGGGTWTCTAAT
238_Z,MP_333_16S,Zooplankton,Calanoid,50,5,Serene,13.6,Yes,"""4""",MP_R2_P5,E6,N729,N502,TCGACGTC,CTCTCTAT,,,16S,16S_515FPa_overhang,16S_805RAp_overhang,TCGTCGGCAGCGTCAGATGTGTATAAGAGACAGGTGYCAGCMGCCGCGGTAA,GTCTCGTGGGCTCGGAGATGTGTATAAGAGACAGGGACTACNVGGGTWTCTAAT
143_Z,MP_334_16S,Zooplankton,Daphnia,30,4,Blue,1.8,Yes,"""4""",MP_R2_P5,F6,N729,N506,TCGACGTC,ACTGCATA,,,16S,16S_515FPa_overhang,16S_805RAp_overhang,TCGTCGGCAGCGTCAGATGTGTATAAGAGACAGGTGYCAGCMGCCGCGGTAA,GTCTCGTGGGCTCGGAGATGTGTATAAGAGACAGGGACTACNVGGGTWTCTAAT
PCRneg_7,MP_335_16S,"Control, PCR_NEG_7",NA,NA,NA,NA,NA,"Yes, negative (no band)","""4""",MP_R2_P5,G6,N729,N511,TCGACGTC,TCTCTCCG,,,16S,16S_515FPa_overhang,16S_805RAp_overhang,TCGTCGGCAGCGTCAGATGTGTATAAGAGACAGGTGYCAGCMGCCGCGGTAA,GTCTCGTGGGCTCGGAGATGTGTATAAGAGACAGGGACTACNVGGGTWTCTAAT
35_W,MP_336_16S,Water,NA,NA,3,Blue,4.74,Yes,"""4""",MP_R2_P5,H6,N729,N517,TCGACGTC,GCGTAAGA,,,16S,16S_515FPa_overhang,16S_805RAp_overhang,TCGTCGGCAGCGTCAGATGTGTATAAGAGACAGGTGYCAGCMGCCGCGGTAA,GTCTCGTGGGCTCGGAGATGTGTATAAGAGACAGGGACTACNVGGGTWTCTAAT
53_W,MP_337_16S,Water,NA,NA,1,Blue,6.27,Yes,"""4""",MP_R2_P5,A7,N707,N521,CTCTCTAC,GAGCCTTA,,,16S,16S_515FPa_overhang,16S_805RAp_overhang,TCGTCGGCAGCGTCAGATGTGTATAAGAGACAGGTGYCAGCMGCCGCGGTAA,GTCTCGTGGGCTCGGAGATGTGTATAAGAGACAGGGACTACNVGGGTWTCTAAT
255_Z,MP_338_16S,Zooplankton,Cyclopoid,50,5,Convict,19.9,Yes,"""4""",MP_R2_P5,B7,N721,N521,TACGCTGC,GAGCCTTA,,,16S,16S_515FPa_overhang,16S_805RAp_overhang,TCGTCGGCAGCGTCAGATGTGTATAAGAGACAGGTGYCAGCMGCCGCGGTAA,GTCTCGTGGGCTCGGAGATGTGTATAAGAGACAGGGACTACNVGGGTWTCTAAT
249_Z,MP_339_16S,Zooplankton,Daphnia,30,5,Convict,0.899,Yes,"""4""",MP_R2_P5,C7,N707,N522,CTCTCTAC,TTATGCGA,,,16S,16S_515FPa_overhang,16S_805RAp_overhang,TCGTCGGCAGCGTCAGATGTGTATAAGAGACAGGTGYCAGCMGCCGCGGTAA,GTCTCGTGGGCTCGGAGATGTGTATAAGAGACAGGGACTACNVGGGTWTCTAAT
236_Z,MP_340_16S,Zooplankton,Calanoid,50,5,Serene,11.6,Yes,"""4""",MP_R2_P5,D7,N721,N522,TACGCTGC,TTATGCGA,,,16S,16S_515FPa_overhang,16S_805RAp_overhang,TCGTCGGCAGCGTCAGATGTGTATAAGAGACAGGTGYCAGCMGCCGCGGTAA,GTCTCGTGGGCTCGGAGATGTGTATAAGAGACAGGGACTACNVGGGTWTCTAAT
29_W,MP_341_16S,Water,NA,NA,2,Blue,6.31,Yes,"""4""",MP_R2_P5,E7,N729,N503,TCGACGTC,TATCCTCT,,,16S,16S_515FPa_overhang,16S_805RAp_overhang,TCGTCGGCAGCGTCAGATGTGTATAAGAGACAGGTGYCAGCMGCCGCGGTAA,GTCTCGTGGGCTCGGAGATGTGTATAAGAGACAGGGACTACNVGGGTWTCTAAT
47_Z,MP_342_16S,Zooplankton,Daphnia,30,5,Blue,2.42,Yes,"""4""",MP_R2_P5,F7,N729,N507,TCGACGTC,AAGGAGTA,,,16S,16S_515FPa_overhang,16S_805RAp_overhang,TCGTCGGCAGCGTCAGATGTGTATAAGAGACAGGTGYCAGCMGCCGCGGTAA,GTCTCGTGGGCTCGGAGATGTGTATAAGAGACAGGGACTACNVGGGTWTCTAAT
222_Z,MP_343_16S,Zooplankton,Cyclopoid,50,5,Virginia,4.54,Yes,"""4""",MP_R2_P5,G7,N729,N513,TCGACGTC,TCGACTAG,,,16S,16S_515FPa_overhang,16S_805RAp_overhang,TCGTCGGCAGCGTCAGATGTGTATAAGAGACAGGTGYCAGCMGCCGCGGTAA,GTCTCGTGGGCTCGGAGATGTGTATAAGAGACAGGGACTACNVGGGTWTCTAAT
42_W,MP_344_16S,Water,NA,NA,4,Virginia,6.17,Yes,"""4""",MP_R2_P5,H7,N729,N518,TCGACGTC,CTATTAAG,,,16S,16S_515FPa_overhang,16S_805RAp_overhang,TCGTCGGCAGCGTCAGATGTGTATAAGAGACAGGTGYCAGCMGCCGCGGTAA,GTCTCGTGGGCTCGGAGATGTGTATAAGAGACAGGGACTACNVGGGTWTCTAAT
233_Z,MP_345_16S,Zooplankton,Daphnia,30,5,Serene,0.582,Yes,"""4""",MP_R2_P5,A8,N708,N521,CAGAGAGG,GAGCCTTA,,,16S,16S_515FPa_overhang,16S_805RAp_overhang,TCGTCGGCAGCGTCAGATGTGTATAAGAGACAGGTGYCAGCMGCCGCGGTAA,GTCTCGTGGGCTCGGAGATGTGTATAAGAGACAGGGACTACNVGGGTWTCTAAT
31_W,MP_346_16S,Water,NA,NA,3,Convict,1.48,Yes,"""4""",MP_R2_P5,B8,N722,N521,ATGCGCAG,GAGCCTTA,,,16S,16S_515FPa_overhang,16S_805RAp_overhang,TCGTCGGCAGCGTCAGATGTGTATAAGAGACAGGTGYCAGCMGCCGCGGTAA,GTCTCGTGGGCTCGGAGATGTGTATAAGAGACAGGGACTACNVGGGTWTCTAAT
34_W,MP_347_16S,Water,NA,NA,3,Cooney,5.09,Yes,"""4""",MP_R2_P5,C8,N708,N522,CAGAGAGG,TTATGCGA,,,16S,16S_515FPa_overhang,16S_805RAp_overhang,TCGTCGGCAGCGTCAGATGTGTATAAGAGACAGGTGYCAGCMGCCGCGGTAA,GTCTCGTGGGCTCGGAGATGTGTATAAGAGACAGGGACTACNVGGGTWTCTAAT
23_Z22,MP_348_16S,Zooplankton,Cyclopoid,50,1,Eastern Brook,5.78,Yes,"""4""",MP_R2_P5,D8,N722,N522,ATGCGCAG,TTATGCGA,,,16S,16S_515FPa_overhang,16S_805RAp_overhang,TCGTCGGCAGCGTCAGATGTGTATAAGAGACAGGTGYCAGCMGCCGCGGTAA,GTCTCGTGGGCTCGGAGATGTGTATAAGAGACAGGGACTACNVGGGTWTCTAAT
PCRneg_8,MP_349_16S,"Control, PCR_NEG_8",NA,NA,NA,NA,NA,"Yes, negative (no band)","""4""",MP_R2_P5,E8,N729,N504,TCGACGTC,AGAGTAGA,,,16S,16S_515FPa_overhang,16S_805RAp_overhang,TCGTCGGCAGCGTCAGATGTGTATAAGAGACAGGTGYCAGCMGCCGCGGTAA,GTCTCGTGGGCTCGGAGATGTGTATAAGAGACAGGGACTACNVGGGTWTCTAAT
44_W,MP_350_16S,Water,NA,NA,5,Eastern Brook,0.812,Yes,"""4""",MP_R2_P5,F8,N729,N508,TCGACGTC,CTAAGCCT,,,16S,16S_515FPa_overhang,16S_805RAp_overhang,TCGTCGGCAGCGTCAGATGTGTATAAGAGACAGGTGYCAGCMGCCGCGGTAA,GTCTCGTGGGCTCGGAGATGTGTATAAGAGACAGGGACTACNVGGGTWTCTAAT
58_W,MP_351_16S,"Control, WATER_DNA_CTRL_2",NA,NA,NA,NA,NA,"Yes, negative (no band)","""4""",MP_R2_P5,G8,N729,N515,TCGACGTC,TTCTAGCT,,,16S,16S_515FPa_overhang,16S_805RAp_overhang,TCGTCGGCAGCGTCAGATGTGTATAAGAGACAGGTGYCAGCMGCCGCGGTAA,GTCTCGTGGGCTCGGAGATGTGTATAAGAGACAGGGACTACNVGGGTWTCTAAT
46_W,MP_352_16S,Water,NA,NA,5,Cooney,too low,Yes,"""4""",MP_R2_P5,H8,N729,N520,TCGACGTC,AAGGCTAT,,,16S,16S_515FPa_overhang,16S_805RAp_overhang,TCGTCGGCAGCGTCAGATGTGTATAAGAGACAGGTGYCAGCMGCCGCGGTAA,GTCTCGTGGGCTCGGAGATGTGTATAAGAGACAGGGACTACNVGGGTWTCTAAT
36_W,MP_353_16S,Water,NA,NA,3,Virginia,4.53,Yes,"""4""",MP_R2_P5,A9,N709,N521,GCTACGCT,GAGCCTTA,,,16S,16S_515FPa_overhang,16S_805RAp_overhang,TCGTCGGCAGCGTCAGATGTGTATAAGAGACAGGTGYCAGCMGCCGCGGTAA,GTCTCGTGGGCTCGGAGATGTGTATAAGAGACAGGGACTACNVGGGTWTCTAAT
250_Z,MP_354_16S,Zooplankton,Calanoid,50,5,Convict,15.5,Yes,"""4""",MP_R2_P5,B9,N723,N521,TAGCGCTC,GAGCCTTA,,,16S,16S_515FPa_overhang,16S_805RAp_overhang,TCGTCGGCAGCGTCAGATGTGTATAAGAGACAGGTGYCAGCMGCCGCGGTAA,GTCTCGTGGGCTCGGAGATGTGTATAAGAGACAGGGACTACNVGGGTWTCTAAT
40_W,MP_355_16S,Water,NA,NA,4,Cooney,3.71,Yes,"""4""",MP_R2_P5,C9,N709,N522,GCTACGCT,TTATGCGA,,,16S,16S_515FPa_overhang,16S_805RAp_overhang,TCGTCGGCAGCGTCAGATGTGTATAAGAGACAGGTGYCAGCMGCCGCGGTAA,GTCTCGTGGGCTCGGAGATGTGTATAAGAGACAGGGACTACNVGGGTWTCTAAT
244_Z,MP_356_16S,Zooplankton,Holopedium,10,5,Serene,0.131,Yes,"""4""",MP_R2_P5,D9,N723,N522,TAGCGCTC,TTATGCGA,,,16S,16S_515FPa_overhang,16S_805RAp_overhang,TCGTCGGCAGCGTCAGATGTGTATAAGAGACAGGTGYCAGCMGCCGCGGTAA,GTCTCGTGGGCTCGGAGATGTGTATAAGAGACAGGGACTACNVGGGTWTCTAAT
45_W,MP_357_16S,Water,NA,NA,5,Serene,2.14,Yes,"""4""",MP_R2_P5,E9,N728,N521,TGCAGCTA,GAGCCTTA,,,16S,16S_515FPa_overhang,16S_805RAp_overhang,TCGTCGGCAGCGTCAGATGTGTATAAGAGACAGGTGYCAGCMGCCGCGGTAA,GTCTCGTGGGCTCGGAGATGTGTATAAGAGACAGGGACTACNVGGGTWTCTAAT
248_Z,MP_358_16S,Zooplankton,Daphnia,30,5,Convict,1.32,Yes,"""4""",MP_R2_P5,A10,N710,N521,CGAGGCTG,GAGCCTTA,,,16S,16S_515FPa_overhang,16S_805RAp_overhang,TCGTCGGCAGCGTCAGATGTGTATAAGAGACAGGTGYCAGCMGCCGCGGTAA,GTCTCGTGGGCTCGGAGATGTGTATAAGAGACAGGGACTACNVGGGTWTCTAAT
41_W,MP_359_16S,Water,NA,NA,4,Blue,too low,Yes,"""4""",MP_R2_P5,B10,N724,N521,ACTGAGCG,GAGCCTTA,,,16S,16S_515FPa_overhang,16S_805RAp_overhang,TCGTCGGCAGCGTCAGATGTGTATAAGAGACAGGTGYCAGCMGCCGCGGTAA,GTCTCGTGGGCTCGGAGATGTGTATAAGAGACAGGGACTACNVGGGTWTCTAAT
230_Z,MP_360_16S,Zooplankton,Cyclopoid,50,5,Eastern Brook,2.2,Yes,"""4""",MP_R2_P5,C10,N710,N522,CGAGGCTG,TTATGCGA,,,16S,16S_515FPa_overhang,16S_805RAp_overhang,TCGTCGGCAGCGTCAGATGTGTATAAGAGACAGGTGYCAGCMGCCGCGGTAA,GTCTCGTGGGCTCGGAGATGTGTATAAGAGACAGGGACTACNVGGGTWTCTAAT
240_Z,MP_361_16S,Zooplankton,Ceriodaphnia,50,5,Serene,0.448,Yes,"""4""",MP_R2_P5,D10,N724,N522,ACTGAGCG,TTATGCGA,,,16S,16S_515FPa_overhang,16S_805RAp_overhang,TCGTCGGCAGCGTCAGATGTGTATAAGAGACAGGTGYCAGCMGCCGCGGTAA,GTCTCGTGGGCTCGGAGATGTGTATAAGAGACAGGGACTACNVGGGTWTCTAAT
48_W,MP_362_16S,Water,NA,NA,5,Virginia,1.85,Yes,"""4""",MP_R2_P5,E10,N729,N521,TCGACGTC,GAGCCTTA,,,16S,16S_515FPa_overhang,16S_805RAp_overhang,TCGTCGGCAGCGTCAGATGTGTATAAGAGACAGGTGYCAGCMGCCGCGGTAA,GTCTCGTGGGCTCGGAGATGTGTATAAGAGACAGGGACTACNVGGGTWTCTAAT
224_Z,MP_363_16S,Zooplankton,Daphnia,30,5,Eastern Brook,1,Yes,"""4""",MP_R2_P5,A11,N711,N521,AAGAGGCA,GAGCCTTA,,,16S,16S_515FPa_overhang,16S_805RAp_overhang,TCGTCGGCAGCGTCAGATGTGTATAAGAGACAGGTGYCAGCMGCCGCGGTAA,GTCTCGTGGGCTCGGAGATGTGTATAAGAGACAGGGACTACNVGGGTWTCTAAT
247_Z,MP_364_16S,Zooplankton,Daphnia,30,5,Convict,1.1,Yes,"""4""",MP_R2_P5,B11,N726,N521,CCTAAGAC,GAGCCTTA,,,16S,16S_515FPa_overhang,16S_805RAp_overhang,TCGTCGGCAGCGTCAGATGTGTATAAGAGACAGGTGYCAGCMGCCGCGGTAA,GTCTCGTGGGCTCGGAGATGTGTATAAGAGACAGGGACTACNVGGGTWTCTAAT
47_W,MP_365_16S,Water,NA,NA,5,Blue,0.742,Yes,"""4""",MP_R2_P5,C11,N711,N522,AAGAGGCA,TTATGCGA,,,16S,16S_515FPa_overhang,16S_805RAp_overhang,TCGTCGGCAGCGTCAGATGTGTATAAGAGACAGGTGYCAGCMGCCGCGGTAA,GTCTCGTGGGCTCGGAGATGTGTATAAGAGACAGGGACTACNVGGGTWTCTAAT
252_Z,MP_366_16S,Zooplankton,Calanoid,50,5,Convict,18.3,Yes,"""4""",MP_R2_P5,D11,N726,N522,CCTAAGAC,TTATGCGA,,,16S,16S_515FPa_overhang,16S_805RAp_overhang,TCGTCGGCAGCGTCAGATGTGTATAAGAGACAGGTGYCAGCMGCCGCGGTAA,GTCTCGTGGGCTCGGAGATGTGTATAAGAGACAGGGACTACNVGGGTWTCTAAT
232_Z,MP_367_16S,Zooplankton,Daphnia,30,5,Serene,1.64,Yes,"""4""",MP_R2_P5,E11,N728,N522,TGCAGCTA,TTATGCGA,,,16S,16S_515FPa_overhang,16S_805RAp_overhang,TCGTCGGCAGCGTCAGATGTGTATAAGAGACAGGTGYCAGCMGCCGCGGTAA,GTCTCGTGGGCTCGGAGATGTGTATAAGAGACAGGGACTACNVGGGTWTCTAAT
49_W,MP_368_16S,"Control, WATER_DNA_CTRL_1",NA,NA,NA,NA,NA,"Yes, negative (no band)","""4""",MP_R2_P5,A12,N712,N521,GTAGAGGA,GAGCCTTA,,,16S,16S_515FPa_overhang,16S_805RAp_overhang,TCGTCGGCAGCGTCAGATGTGTATAAGAGACAGGTGYCAGCMGCCGCGGTAA,GTCTCGTGGGCTCGGAGATGTGTATAAGAGACAGGGACTACNVGGGTWTCTAAT