sample_ID,sequencing_ID,sample_type,organism_water,number,time_point,date,lake,elevation_m,temp_C,chla_ug.L,pH,DO_perc,spc,cond,DOC,TDN,TDP
57_Z22,MP_20_16S,Zooplankton,Daphnia,30,1,6/29/22,Blue,3005,12.8,0.34,7.97,73.8,97.5,74.7,0.8,137.16,22.6
56_Z22,MP_41_16S,Zooplankton,Cyclopoid,50,1,6/29/22,Blue,3005,12.8,0.34,7.97,73.8,97.5,74.7,0.8,137.16,22.6
55_Z22,MP_55_16S,Zooplankton,Cyclopoid,50,1,6/29/22,Blue,3005,12.8,0.34,7.97,73.8,97.5,74.7,0.8,137.16,22.6
59_Z22,MP_116_16S,Zooplankton,Daphnia,30,1,6/29/22,Blue,3005,12.8,0.34,7.97,73.8,97.5,74.7,0.8,137.16,22.6
60_Z22,MP_156_16S,Zooplankton,Daphnia,30,1,6/29/22,Blue,3005,12.8,0.34,7.97,73.8,97.5,74.7,0.8,137.16,22.6
18_Z,MP_69_16S,Zooplankton,Cyclopoid,50,2,7/9/22,Blue,3005,14.8,0.42,7.04,82.1,98.7,79.4,0.9,264.74,149.54
22_Z,MP_118_16S,Zooplankton,Daphnia,30,2,7/9/22,Blue,3005,14.8,0.42,7.04,82.1,98.7,79.4,0.9,264.74,149.54
21_Z,MP_137_16S,Zooplankton,Daphnia,30,2,7/9/22,Blue,3005,14.8,0.42,7.04,82.1,98.7,79.4,0.9,264.74,149.54
23_Z,MP_146_16S,Zooplankton,Cyclopoid,50,2,7/9/22,Blue,3005,14.8,0.42,7.04,82.1,98.7,79.4,0.9,264.74,149.54
19_Z,MP_151_16S,Zooplankton,Daphnia,30,2,7/9/22,Blue,3005,14.8,0.42,7.04,82.1,98.7,79.4,0.9,264.74,149.54
20_Z,MP_162_16S,Zooplankton,Daphnia,30,2,7/9/22,Blue,3005,14.8,0.42,7.04,82.1,98.7,79.4,0.9,264.74,149.54
24_Z,MP_176_16S,Zooplankton,Cyclopoid,50,2,7/9/22,Blue,3005,14.8,0.42,7.04,82.1,98.7,79.4,0.9,264.74,149.54
65_Z,MP_02_16S,Zooplankton,Cyclopoid,50,3,7/21/22,Blue,3005,17,0.22,8.48,81.3,100.2,84.9,0.9,79.48,6.19
64_Z,MP_27_16S,Zooplankton,Cyclopoid,50,3,7/21/22,Blue,3005,17,0.22,8.48,81.3,100.2,84.9,0.9,79.48,6.19
63_Z,MP_54_16S,Zooplankton,Cyclopoid,50,3,7/21/22,Blue,3005,17,0.22,8.48,81.3,100.2,84.9,0.9,79.48,6.19
62_Z,MP_74_16S,Zooplankton,Cyclopoid,50,3,7/21/22,Blue,3005,17,0.22,8.48,81.3,100.2,84.9,0.9,79.48,6.19
58_Z,MP_147_16S,Zooplankton,Daphnia,30,3,7/21/22,Blue,3005,17,0.22,8.48,81.3,100.2,84.9,0.9,79.48,6.19
60_Z,MP_160_16S,Zooplankton,Daphnia,30,3,7/21/22,Blue,3005,17,0.22,8.48,81.3,100.2,84.9,0.9,79.48,6.19
35_W,MP_336_16S,Water,Water,NA,3,7/21/22,Blue,3005,17,0.22,8.48,81.3,100.2,84.9,0.9,79.48,6.19
150_Z,MP_198_16S,Zooplankton,Cyclopoid,50,4,8/4/22,Blue,3005,16.3,0.02,7.99,75.6,110.7,92.3,1.9,100.86,3.41
142_Z,MP_203_16S,Zooplankton,Daphnia,30,4,8/4/22,Blue,3005,16.3,0.02,7.99,75.6,110.7,92.3,1.9,100.86,3.41
145_Z,MP_221_16S,Zooplankton,Calanoid,50,4,8/4/22,Blue,3005,16.3,0.02,7.99,75.6,110.7,92.3,1.9,100.86,3.41
144_Z,MP_226_16S,Zooplankton,Calanoid,50,4,8/4/22,Blue,3005,16.3,0.02,7.99,75.6,110.7,92.3,1.9,100.86,3.41
148_Z,MP_233_16S,Zooplankton,Cyclopoid,50,4,8/4/22,Blue,3005,16.3,0.02,7.99,75.6,110.7,92.3,1.9,100.86,3.41
147_Z,MP_246_16S,Zooplankton,Calanoid,50,4,8/4/22,Blue,3005,16.3,0.02,7.99,75.6,110.7,92.3,1.9,100.86,3.41
146_Z,MP_252_16S,Zooplankton,Calanoid,50,4,8/4/22,Blue,3005,16.3,0.02,7.99,75.6,110.7,92.3,1.9,100.86,3.41
151_Z,MP_256_16S,Zooplankton,Cyclopoid,35,4,8/4/22,Blue,3005,16.3,0.02,7.99,75.6,110.7,92.3,1.9,100.86,3.41
149_Z,MP_267_16S,Zooplankton,Cyclopoid,50,4,8/4/22,Blue,3005,16.3,0.02,7.99,75.6,110.7,92.3,1.9,100.86,3.41
141_Z,MP_287_16S,Zooplankton,Daphnia,30,4,8/4/22,Blue,3005,16.3,0.02,7.99,75.6,110.7,92.3,1.9,100.86,3.41
143_Z,MP_334_16S,Zooplankton,Daphnia,30,4,8/4/22,Blue,3005,16.3,0.02,7.99,75.6,110.7,92.3,1.9,100.86,3.41
41_W,MP_359_16S,Water,Water,NA,4,8/4/22,Blue,3005,16.3,0.02,7.99,75.6,110.7,92.3,1.9,100.86,3.41
51_Z,MP_40_16S,Zooplankton,Cyclopoid,50,5,8/22/22,Blue,3005,18.5,0.55,7.93,73.1,115.1,93.6,1.1,NA,NA
52_Z,MP_49_16S,Zooplankton,Cyclopoid,50,5,8/22/22,Blue,3005,18.5,0.55,7.93,73.1,115.1,93.6,1.1,NA,NA
54_Z,MP_53_16S,Zooplankton,Cyclopoid,50,5,8/22/22,Blue,3005,18.5,0.55,7.93,73.1,115.1,93.6,1.1,NA,NA
48_Z,MP_73_16S,Zooplankton,Daphnia,30,5,8/22/22,Blue,3005,18.5,0.55,7.93,73.1,115.1,93.6,1.1,NA,NA
53_Z,MP_94_16S,Zooplankton,Cyclopoid,50,5,8/22/22,Blue,3005,18.5,0.55,7.93,73.1,115.1,93.6,1.1,NA,NA
49_Z,MP_130_16S,Zooplankton,Daphnia,30,5,8/22/22,Blue,3005,18.5,0.55,7.93,73.1,115.1,93.6,1.1,NA,NA
50_Z,MP_186_16S,Zooplankton,Daphnia,30,5,8/22/22,Blue,3005,18.5,0.55,7.93,73.1,115.1,93.6,1.1,NA,NA
209_Z,MP_210_16S,Zooplankton,Calanoid,50,5,8/22/22,Blue,3005,18.5,0.55,7.93,73.1,115.1,93.6,1.1,NA,NA
207_Z,MP_239_16S,Zooplankton,Calanoid,50,5,8/22/22,Blue,3005,18.5,0.55,7.93,73.1,115.1,93.6,1.1,NA,NA
211_Z,MP_264_16S,Zooplankton,Daphnia,30,5,8/22/22,Blue,3005,18.5,0.55,7.93,73.1,115.1,93.6,1.1,NA,NA
213_Z,MP_266_16S,Zooplankton,Daphnia,30,5,8/22/22,Blue,3005,18.5,0.55,7.93,73.1,115.1,93.6,1.1,NA,NA
206_Z,MP_271_16S,Zooplankton,Calanoid,50,5,8/22/22,Blue,3005,18.5,0.55,7.93,73.1,115.1,93.6,1.1,NA,NA
208_Z,MP_276_16S,Zooplankton,Calanoid,50,5,8/22/22,Blue,3005,18.5,0.55,7.93,73.1,115.1,93.6,1.1,NA,NA
214_Z,MP_278_16S,Zooplankton,Daphnia,30,5,8/22/22,Blue,3005,18.5,0.55,7.93,73.1,115.1,93.6,1.1,NA,NA
210_Z,MP_280_16S,Zooplankton,Cyclopoid,50,5,8/22/22,Blue,3005,18.5,0.55,7.93,73.1,115.1,93.6,1.1,NA,NA
212_Z,MP_282_16S,Zooplankton,Daphnia,30,5,8/22/22,Blue,3005,18.5,0.55,7.93,73.1,115.1,93.6,1.1,NA,NA
47_Z,MP_342_16S,Zooplankton,Daphnia,30,5,8/22/22,Blue,3005,18.5,0.55,7.93,73.1,115.1,93.6,1.1,NA,NA
47_W,MP_365_16S,Water,Water,NA,5,8/22/22,Blue,3005,18.5,0.55,7.93,73.1,115.1,93.6,1.1,NA,NA
1_Z22,MP_01_16S,Zooplankton,Calanoid,50,1,6/25/22,Convict,2315,13.8,0.26,5.87,81.6,166,130.3,0.6,NA,NA
5_Z22,MP_18_16S,Zooplankton,Calanoid,50,1,6/25/22,Convict,2315,13.8,0.26,5.87,81.6,166,130.3,0.6,NA,NA
2_Z22,MP_45_16S,Zooplankton,Calanoid,50,1,6/25/22,Convict,2315,13.8,0.26,5.87,81.6,166,130.3,0.6,NA,NA
3_Z22,MP_50_16S,Zooplankton,Calanoid,50,1,6/25/22,Convict,2315,13.8,0.26,5.87,81.6,166,130.3,0.6,NA,NA
10_Z22,MP_101_16S,Zooplankton,Daphnia,20,1,6/25/22,Convict,2315,13.8,0.26,5.87,81.6,166,130.3,0.6,NA,NA
8_Z22,MP_123_16S,Zooplankton,Daphnia,20,1,6/25/22,Convict,2315,13.8,0.26,5.87,81.6,166,130.3,0.6,NA,NA
9_Z22,MP_125_16S,Zooplankton,Daphnia,20,1,6/25/22,Convict,2315,13.8,0.26,5.87,81.6,166,130.3,0.6,NA,NA
6_Z22,MP_143_16S,Zooplankton,Daphnia,20,1,6/25/22,Convict,2315,13.8,0.26,5.87,81.6,166,130.3,0.6,NA,NA
7_Z22,MP_174_16S,Zooplankton,Daphnia,20,1,6/25/22,Convict,2315,13.8,0.26,5.87,81.6,166,130.3,0.6,NA,NA
50_W,MP_308_16S,Water,Water,NA,1,6/25/22,Convict,2315,13.8,0.26,5.87,81.6,166,130.3,0.6,NA,NA
28_Z,MP_08_16S,Zooplankton,Calanoid,40,2,7/7/22,Convict,2315,15.3,0.28,7.14,84.5,163.2,137.2,1.1,NA,4.33
26_Z,MP_59_16S,Zooplankton,Calanoid,50,2,7/7/22,Convict,2315,15.3,0.28,7.14,84.5,163.2,137.2,1.1,NA,4.33
17_Z,MP_92_16S,Zooplankton,Calanoid,50,2,7/7/22,Convict,2315,15.3,0.28,7.14,84.5,163.2,137.2,1.1,NA,4.33
27_Z,MP_289_16S,Zooplankton,Calanoid,50,2,7/7/22,Convict,2315,15.3,0.28,7.14,84.5,163.2,137.2,1.1,NA,4.33
25_W,MP_322_16S,Water,Water,NA,2,7/7/22,Convict,2315,15.3,0.28,7.14,84.5,163.2,137.2,1.1,NA,4.33
78_Z,MP_05_16S,Zooplankton,Calanoid,50,3,7/22/22,Convict,2315,18.2,0.2,8.34,76.7,164.8,143.5,0.8,103.23,204.95
79_Z,MP_30_16S,Zooplankton,Calanoid,50,3,7/22/22,Convict,2315,18.2,0.2,8.34,76.7,164.8,143.5,0.8,103.23,204.95
76_Z,MP_90_16S,Zooplankton,Calanoid,50,3,7/22/22,Convict,2315,18.2,0.2,8.34,76.7,164.8,143.5,0.8,103.23,204.95
84_Z,MP_100_16S,Zooplankton,Bosmina,50,3,7/22/22,Convict,2315,18.2,0.2,8.34,76.7,164.8,143.5,0.8,103.23,204.95
87_Z,MP_110_16S,Zooplankton,Bosmina,50,3,7/22/22,Convict,2315,18.2,0.2,8.34,76.7,164.8,143.5,0.8,103.23,204.95
85_Z,MP_129_16S,Zooplankton,Bosmina,50,3,7/22/22,Convict,2315,18.2,0.2,8.34,76.7,164.8,143.5,0.8,103.23,204.95
83_Z,MP_133_16S,Zooplankton,Daphnia,30,3,7/22/22,Convict,2315,18.2,0.2,8.34,76.7,164.8,143.5,0.8,103.23,204.95
81_Z,MP_140_16S,Zooplankton,Daphnia,30,3,7/22/22,Convict,2315,18.2,0.2,8.34,76.7,164.8,143.5,0.8,103.23,204.95
82_Z,MP_145_16S,Zooplankton,Daphnia,30,3,7/22/22,Convict,2315,18.2,0.2,8.34,76.7,164.8,143.5,0.8,103.23,204.95
86_Z,MP_155_16S,Zooplankton,Bosmina,50,3,7/22/22,Convict,2315,18.2,0.2,8.34,76.7,164.8,143.5,0.8,103.23,204.95
80_Z,MP_177_16S,Zooplankton,Daphnia,30,3,7/22/22,Convict,2315,18.2,0.2,8.34,76.7,164.8,143.5,0.8,103.23,204.95
31_W,MP_346_16S,Water,Water,NA,3,7/22/22,Convict,2315,18.2,0.2,8.34,76.7,164.8,143.5,0.8,103.23,204.95
162_Z,MP_194_16S,Zooplankton,Calanoid,50,4,8/5/22,Convict,2315,18.4,0.81,8.48,78.9,178.5,156,51.9,NA,4.02
153_Z,MP_201_16S,Zooplankton,Bosmina,50,4,8/5/22,Convict,2315,18.4,0.81,8.48,78.9,178.5,156,51.9,NA,4.02
154_Z,MP_213_16S,Zooplankton,Daphnia,30,4,8/5/22,Convict,2315,18.4,0.81,8.48,78.9,178.5,156,51.9,NA,4.02
152_Z,MP_215_16S,Zooplankton,Bosmina,50,4,8/5/22,Convict,2315,18.4,0.81,8.48,78.9,178.5,156,51.9,NA,4.02
160_Z,MP_224_16S,Zooplankton,Cyclopoid,50,4,8/5/22,Convict,2315,18.4,0.81,8.48,78.9,178.5,156,51.9,NA,4.02
158_Z,MP_238_16S,Zooplankton,Cyclopoid,50,4,8/5/22,Convict,2315,18.4,0.81,8.48,78.9,178.5,156,51.9,NA,4.02
155_Z,MP_242_16S,Zooplankton,Daphnia,30,4,8/5/22,Convict,2315,18.4,0.81,8.48,78.9,178.5,156,51.9,NA,4.02
167_Z,MP_244_16S,Zooplankton,Daphnia,30,4,8/5/22,Convict,2315,18.4,0.81,8.48,78.9,178.5,156,51.9,NA,4.02
161_Z,MP_249_16S,Zooplankton,Cyclopoid,50,4,8/5/22,Convict,2315,18.4,0.81,8.48,78.9,178.5,156,51.9,NA,4.02
156_Z,MP_270_16S,Zooplankton,Daphnia,30,4,8/5/22,Convict,2315,18.4,0.81,8.48,78.9,178.5,156,51.9,NA,4.02
159_Z,MP_275_16S,Zooplankton,Cyclopoid,50,4,8/5/22,Convict,2315,18.4,0.81,8.48,78.9,178.5,156,51.9,NA,4.02
157_Z,MP_281_16S,Zooplankton,Daphnia,30,4,8/5/22,Convict,2315,18.4,0.81,8.48,78.9,178.5,156,51.9,NA,4.02
163_Z,MP_285_16S,Zooplankton,Calanoid,50,4,8/5/22,Convict,2315,18.4,0.81,8.48,78.9,178.5,156,51.9,NA,4.02
37_W,MP_313_16S,Water,Water,NA,4,8/5/22,Convict,2315,18.4,0.81,8.48,78.9,178.5,156,51.9,NA,4.02
256_Z,MP_306_16S,Zooplankton,Cyclopoid,50,5,8/23/22,Convict,2315,20.9,0.39,8.03,73.1,172.3,139.8,2,NA,NA
251_Z,MP_307_16S,Zooplankton,Calanoid,50,5,8/23/22,Convict,2315,20.9,0.39,8.03,73.1,172.3,139.8,2,NA,NA
246_Z,MP_309_16S,Zooplankton,Daphnia,30,5,8/23/22,Convict,2315,20.9,0.39,8.03,73.1,172.3,139.8,2,NA,NA
254_Z,MP_319_16S,Zooplankton,Cyclopoid,50,5,8/23/22,Convict,2315,20.9,0.39,8.03,73.1,172.3,139.8,2,NA,NA
253_Z,MP_325_16S,Zooplankton,Calanoid,50,5,8/23/22,Convict,2315,20.9,0.39,8.03,73.1,172.3,139.8,2,NA,NA
257_Z,MP_329_16S,Zooplankton,Cyclopoid,50,5,8/23/22,Convict,2315,20.9,0.39,8.03,73.1,172.3,139.8,2,NA,NA
43_W,MP_330_16S,Water,Water,NA,5,8/23/22,Convict,2315,20.9,0.39,8.03,73.1,172.3,139.8,2,NA,NA
255_Z,MP_338_16S,Zooplankton,Cyclopoid,50,5,8/23/22,Convict,2315,20.9,0.39,8.03,73.1,172.3,139.8,2,NA,NA
249_Z,MP_339_16S,Zooplankton,Daphnia,30,5,8/23/22,Convict,2315,20.9,0.39,8.03,73.1,172.3,139.8,2,NA,NA
250_Z,MP_354_16S,Zooplankton,Calanoid,50,5,8/23/22,Convict,2315,20.9,0.39,8.03,73.1,172.3,139.8,2,NA,NA
248_Z,MP_358_16S,Zooplankton,Daphnia,30,5,8/23/22,Convict,2315,20.9,0.39,8.03,73.1,172.3,139.8,2,NA,NA
247_Z,MP_364_16S,Zooplankton,Daphnia,30,5,8/23/22,Convict,2315,20.9,0.39,8.03,73.1,172.3,139.8,2,NA,NA
252_Z,MP_366_16S,Zooplankton,Calanoid,50,5,8/23/22,Convict,2315,20.9,0.39,8.03,73.1,172.3,139.8,2,NA,NA
31_Z22,MP_07_16S,Zooplankton,Daphnia,30,1,6/29/22,Cooney,3116,12.6,0.45,7.96,80.5,106.9,81.7,0.7,269.97,57.28
26_Z22,MP_28_16S,Zooplankton,Cyclopoid,48,1,6/29/22,Cooney,3116,12.6,0.45,7.96,80.5,106.9,81.7,0.7,269.97,57.28
28_Z22,MP_34_16S,Zooplankton,Daphnia,30,1,6/29/22,Cooney,3116,12.6,0.45,7.96,80.5,106.9,81.7,0.7,269.97,57.28
32_Z22,MP_39_16S,Zooplankton,Daphnia,30,1,6/29/22,Cooney,3116,12.6,0.45,7.96,80.5,106.9,81.7,0.7,269.97,57.28
30_Z22,MP_56_16S,Zooplankton,Daphnia,30,1,6/29/22,Cooney,3116,12.6,0.45,7.96,80.5,106.9,81.7,0.7,269.97,57.28
29_Z22,MP_60_16S,Zooplankton,Daphnia,30,1,6/29/22,Cooney,3116,12.6,0.45,7.96,80.5,106.9,81.7,0.7,269.97,57.28
27_Z22,MP_83_16S,Zooplankton,Daphnia,30,1,6/29/22,Cooney,3116,12.6,0.45,7.96,80.5,106.9,81.7,0.7,269.97,57.28
34_Z22,MP_108_16S,Zooplankton,Calanoid,123,1,6/29/22,Cooney,3116,12.6,0.45,7.96,80.5,106.9,81.7,0.7,269.97,57.28
33_Z22,MP_113_16S,Zooplankton,Daphnia,100,1,6/29/22,Cooney,3116,12.6,0.45,7.96,80.5,106.9,81.7,0.7,269.97,57.28
56_Z,MP_17_16S,Zooplankton,Calanoid,27,2,7/9/22,Cooney,3116,14.3,0.3,6.94,77.5,109.6,87.1,1,74.73,9.29
57_Z,MP_21_16S,Zooplankton,Cyclopoid,50,2,7/9/22,Cooney,3116,14.3,0.3,6.94,77.5,109.6,87.1,1,74.73,9.29
55_Z,MP_24_16S,Zooplankton,Calanoid,50,2,7/9/22,Cooney,3116,14.3,0.3,6.94,77.5,109.6,87.1,1,74.73,9.29
44_Z,MP_26_16S,Zooplankton,Calanoid,50,2,7/9/22,Cooney,3116,14.3,0.3,6.94,77.5,109.6,87.1,1,74.73,9.29
40_Z,MP_77_16S,Zooplankton,Daphnia,30,2,7/9/22,Cooney,3116,14.3,0.3,6.94,77.5,109.6,87.1,1,74.73,9.29
45_Z,MP_84_16S,Zooplankton,Calanoid,50,2,7/9/22,Cooney,3116,14.3,0.3,6.94,77.5,109.6,87.1,1,74.73,9.29
41_Z,MP_127_16S,Zooplankton,Daphnia,30,2,7/9/22,Cooney,3116,14.3,0.3,6.94,77.5,109.6,87.1,1,74.73,9.29
46_Z,MP_150_16S,Zooplankton,Cyclopoid,17,2,7/9/22,Cooney,3116,14.3,0.3,6.94,77.5,109.6,87.1,1,74.73,9.29
43_Z,MP_157_16S,Zooplankton,Daphnia,30,2,7/9/22,Cooney,3116,14.3,0.3,6.94,77.5,109.6,87.1,1,74.73,9.29
42_Z,MP_161_16S,Zooplankton,Daphnia,30,2,7/9/22,Cooney,3116,14.3,0.3,6.94,77.5,109.6,87.1,1,74.73,9.29
95_Z,MP_03_16S,Zooplankton,Cyclopoid,50,3,7/21/22,Cooney,3116,16.7,0.43,8.61,76.8,112.9,95,1,84.23,369.04
94_Z,MP_14_16S,Zooplankton,Cyclopoid,50,3,7/21/22,Cooney,3116,16.7,0.43,8.61,76.8,112.9,95,1,84.23,369.04
92_Z,MP_32_16S,Zooplankton,Cyclopoid,50,3,7/21/22,Cooney,3116,16.7,0.43,8.61,76.8,112.9,95,1,84.23,369.04
93_Z,MP_67_16S,Zooplankton,Cyclopoid,50,3,7/21/22,Cooney,3116,16.7,0.43,8.61,76.8,112.9,95,1,84.23,369.04
90_Z,MP_107_16S,Zooplankton,Daphnia,30,3,7/21/22,Cooney,3116,16.7,0.43,8.61,76.8,112.9,95,1,84.23,369.04
97_Z,MP_119_16S,Zooplankton,Calanoid,50,3,7/21/22,Cooney,3116,16.7,0.43,8.61,76.8,112.9,95,1,84.23,369.04
98_Z,MP_124_16S,Zooplankton,Calanoid,50,3,7/21/22,Cooney,3116,16.7,0.43,8.61,76.8,112.9,95,1,84.23,369.04
96_Z,MP_138_16S,Zooplankton,Calanoid,50,3,7/21/22,Cooney,3116,16.7,0.43,8.61,76.8,112.9,95,1,84.23,369.04
91_Z,MP_183_16S,Zooplankton,Daphnia,30,3,7/21/22,Cooney,3116,16.7,0.43,8.61,76.8,112.9,95,1,84.23,369.04
99_Z,MP_184_16S,Zooplankton,Bosmina,50,3,7/21/22,Cooney,3116,16.7,0.43,8.61,76.8,112.9,95,1,84.23,369.04
89_Z,MP_191_16S,Zooplankton,Daphnia,30,3,7/21/22,Cooney,3116,16.7,0.43,8.61,76.8,112.9,95,1,84.23,369.04
172_Z,MP_197_16S,Zooplankton,Cyclopoid,50,4,8/4/22,Cooney,3116,16.2,0.87,7.77,74.5,126.8,105.5,99.2,5982.29,7.43
168_Z,MP_207_16S,Zooplankton,Calanoid,50,4,8/4/22,Cooney,3116,16.2,0.87,7.77,74.5,126.8,105.5,99.2,5982.29,7.43
173_Z,MP_209_16S,Zooplankton,Cyclopoid,50,4,8/4/22,Cooney,3116,16.2,0.87,7.77,74.5,126.8,105.5,99.2,5982.29,7.43
164_Z,MP_222_16S,Zooplankton,Daphnia,30,4,8/4/22,Cooney,3116,16.2,0.87,7.77,74.5,126.8,105.5,99.2,5982.29,7.43
170_Z,MP_228_16S,Zooplankton,Calanoid,50,4,8/4/22,Cooney,3116,16.2,0.87,7.77,74.5,126.8,105.5,99.2,5982.29,7.43
165_Z,MP_258_16S,Zooplankton,Daphnia,30,4,8/4/22,Cooney,3116,16.2,0.87,7.77,74.5,126.8,105.5,99.2,5982.29,7.43
169_Z,MP_265_16S,Zooplankton,Calanoid,50,4,8/4/22,Cooney,3116,16.2,0.87,7.77,74.5,126.8,105.5,99.2,5982.29,7.43
171_Z,MP_279_16S,Zooplankton,Calanoid,50,4,8/4/22,Cooney,3116,16.2,0.87,7.77,74.5,126.8,105.5,99.2,5982.29,7.43
40_W,MP_355_16S,Water,Water,NA,4,8/4/22,Cooney,3116,16.2,0.87,7.77,74.5,126.8,105.5,99.2,5982.29,7.43
203_Z,MP_216_16S,Zooplankton,Cyclopoid,50,5,8/22/22,Cooney,3116,17.9,0,8.07,69.8,177.3,139.8,31.3,NA,NA
205_Z,MP_220_16S,Zooplankton,Cyclopoid,50,5,8/22/22,Cooney,3116,17.9,0,8.07,69.8,177.3,139.8,31.3,NA,NA
201_Z,MP_232_16S,Zooplankton,Daphnia,30,5,8/22/22,Cooney,3116,17.9,0,8.07,69.8,177.3,139.8,31.3,NA,NA
198_Z,MP_250_16S,Zooplankton,Daphnia,30,5,8/22/22,Cooney,3116,17.9,0,8.07,69.8,177.3,139.8,31.3,NA,NA
202_Z,MP_255_16S,Zooplankton,Cyclopoid,50,5,8/22/22,Cooney,3116,17.9,0,8.07,69.8,177.3,139.8,31.3,NA,NA
204_Z,MP_257_16S,Zooplankton,Cyclopoid,50,5,8/22/22,Cooney,3116,17.9,0,8.07,69.8,177.3,139.8,31.3,NA,NA
199_Z,MP_274_16S,Zooplankton,Daphnia,30,5,8/22/22,Cooney,3116,17.9,0,8.07,69.8,177.3,139.8,31.3,NA,NA
200_Z,MP_277_16S,Zooplankton,Daphnia,30,5,8/22/22,Cooney,3116,17.9,0,8.07,69.8,177.3,139.8,31.3,NA,NA
46_W,MP_352_16S,Water,Water,NA,5,8/22/22,Cooney,3116,17.9,0,8.07,69.8,177.3,139.8,31.3,NA,NA
16_Z22,MP_13_16S,Zooplankton,Calanoid,50,1,6/26/22,Eastern Brook,3155,13.1,0.4,6.9,67.3,20,15.5,3.1,217.44,32.97
22_Z22,MP_15_16S,Zooplankton,Calanoid,50,1,6/26/22,Eastern Brook,3155,13.1,0.4,6.9,67.3,20,15.5,3.1,217.44,32.97
14_Z22,MP_33_16S,Zooplankton,Calanoid,50,1,6/26/22,Eastern Brook,3155,13.1,0.4,6.9,67.3,20,15.5,3.1,217.44,32.97
12_Z22,MP_38_16S,Zooplankton,Daphnia,30,1,6/26/22,Eastern Brook,3155,13.1,0.4,6.9,67.3,20,15.5,3.1,217.44,32.97
24_Z22,MP_48_16S,Zooplankton,Cyclopoid,50,1,6/26/22,Eastern Brook,3155,13.1,0.4,6.9,67.3,20,15.5,3.1,217.44,32.97
18_Z22,MP_58_16S,Zooplankton,Daphnia,30,1,6/26/22,Eastern Brook,3155,13.1,0.4,6.9,67.3,20,15.5,3.1,217.44,32.97
15_Z22,MP_66_16S,Zooplankton,Calanoid,50,1,6/26/22,Eastern Brook,3155,13.1,0.4,6.9,67.3,20,15.5,3.1,217.44,32.97
21_Z22,MP_86_16S,Zooplankton,Calanoid,50,1,6/26/22,Eastern Brook,3155,13.1,0.4,6.9,67.3,20,15.5,3.1,217.44,32.97
19_Z22,MP_112_16S,Zooplankton,Bosmina,50,1,6/26/22,Eastern Brook,3155,13.1,0.4,6.9,67.3,20,15.5,3.1,217.44,32.97
20_Z22,MP_134_16S,Zooplankton,Cyclopoid,50,1,6/26/22,Eastern Brook,3155,13.1,0.4,6.9,67.3,20,15.5,3.1,217.44,32.97
17_Z22,MP_136_16S,Zooplankton,Daphnia,30,1,6/26/22,Eastern Brook,3155,13.1,0.4,6.9,67.3,20,15.5,3.1,217.44,32.97
11_Z22,MP_153_16S,Zooplankton,Daphnia,30,1,6/26/22,Eastern Brook,3155,13.1,0.4,6.9,67.3,20,15.5,3.1,217.44,32.97
51_W,MP_312_16S,Water,Water,NA,1,6/26/22,Eastern Brook,3155,13.1,0.4,6.9,67.3,20,15.5,3.1,217.44,32.97
23_Z22,MP_348_16S,Zooplankton,Cyclopoid,50,1,6/26/22,Eastern Brook,3155,13.1,0.4,6.9,67.3,20,15.5,3.1,217.44,32.97
4_Z,MP_10_16S,Zooplankton,Calanoid,50,2,7/6/22,Eastern Brook,3155,16,0.93,8.6,73.8,20.6,17,3.4,409.63,13.62
15_Z,MP_61_16S,Zooplankton,Calanoid,50,2,7/6/22,Eastern Brook,3155,16,0.93,8.6,73.8,20.6,17,3.4,409.63,13.62
6_Z,MP_75_16S,Zooplankton,Calanoid,50,2,7/6/22,Eastern Brook,3155,16,0.93,8.6,73.8,20.6,17,3.4,409.63,13.62
5_Z,MP_88_16S,Zooplankton,Calanoid,50,2,7/6/22,Eastern Brook,3155,16,0.93,8.6,73.8,20.6,17,3.4,409.63,13.62
2_Z,MP_97_16S,Zooplankton,Daphnia,30,2,7/6/22,Eastern Brook,3155,16,0.93,8.6,73.8,20.6,17,3.4,409.63,13.62
3_Z,MP_114_16S,Zooplankton,Daphnia,30,2,7/6/22,Eastern Brook,3155,16,0.93,8.6,73.8,20.6,17,3.4,409.63,13.62
14_Z,MP_181_16S,Zooplankton,Daphnia,30,2,7/6/22,Eastern Brook,3155,16,0.93,8.6,73.8,20.6,17,3.4,409.63,13.62
1_Z,MP_291_16S,Zooplankton,Daphnia,30,2,7/6/22,Eastern Brook,3155,16,0.93,8.6,73.8,20.6,17,3.4,409.63,13.62
26_W,MP_327_16S,Water,Water,NA,2,7/6/22,Eastern Brook,3155,16,0.93,8.6,73.8,20.6,17,3.4,409.63,13.62
100_Z,MP_99_16S,Zooplankton,Daphnia,30,3,7/22/22,Eastern Brook,3155,18.9,1.05,8.56,74.2,21,18.5,3.45,202.99,101.86
102_Z,MP_103_16S,Zooplankton,Daphnia,30,3,7/22/22,Eastern Brook,3155,18.9,1.05,8.56,74.2,21,18.5,3.45,202.99,101.86
106_Z,MP_117_16S,Zooplankton,Calanoid,50,3,7/22/22,Eastern Brook,3155,18.9,1.05,8.56,74.2,21,18.5,3.45,202.99,101.86
101_Z,MP_122_16S,Zooplankton,Daphnia,30,3,7/22/22,Eastern Brook,3155,18.9,1.05,8.56,74.2,21,18.5,3.45,202.99,101.86
110_Z,MP_128_16S,Zooplankton,Cyclopoid,50,3,7/22/22,Eastern Brook,3155,18.9,1.05,8.56,74.2,21,18.5,3.45,202.99,101.86
111_Z,MP_131_16S,Zooplankton,Holopedium,8,3,7/22/22,Eastern Brook,3155,18.9,1.05,8.56,74.2,21,18.5,3.45,202.99,101.86
107_Z,MP_144_16S,Zooplankton,Calanoid,50,3,7/22/22,Eastern Brook,3155,18.9,1.05,8.56,74.2,21,18.5,3.45,202.99,101.86
108_Z,MP_163_16S,Zooplankton,Cyclopoid,50,3,7/22/22,Eastern Brook,3155,18.9,1.05,8.56,74.2,21,18.5,3.45,202.99,101.86
103_Z,MP_167_16S,Zooplankton,Daphnia,30,3,7/22/22,Eastern Brook,3155,18.9,1.05,8.56,74.2,21,18.5,3.45,202.99,101.86
104_Z,MP_180_16S,Zooplankton,Calanoid,50,3,7/22/22,Eastern Brook,3155,18.9,1.05,8.56,74.2,21,18.5,3.45,202.99,101.86
109_Z,MP_182_16S,Zooplankton,Cyclopoid,50,3,7/22/22,Eastern Brook,3155,18.9,1.05,8.56,74.2,21,18.5,3.45,202.99,101.86
105_Z,MP_190_16S,Zooplankton,Calanoid,50,3,7/22/22,Eastern Brook,3155,18.9,1.05,8.56,74.2,21,18.5,3.45,202.99,101.86
32_W,MP_296_16S,Water,Water,NA,3,7/22/22,Eastern Brook,3155,18.9,1.05,8.56,74.2,21,18.5,3.45,202.99,101.86
176_Z,MP_193_16S,Zooplankton,Daphnia,30,4,8/9/22,Eastern Brook,3155,16,1.59,7.7,67.2,23,19,3.1,259.99,6.81
181_Z,MP_212_16S,Zooplankton,Cyclopoid,50,4,8/9/22,Eastern Brook,3155,16,1.59,7.7,67.2,23,19,3.1,259.99,6.81
175_Z,MP_217_16S,Zooplankton,Daphnia,30,4,8/9/22,Eastern Brook,3155,16,1.59,7.7,67.2,23,19,3.1,259.99,6.81
178_Z,MP_225_16S,Zooplankton,Cyclopoid,50,4,8/9/22,Eastern Brook,3155,16,1.59,7.7,67.2,23,19,3.1,259.99,6.81
174_Z,MP_231_16S,Zooplankton,Daphnia,30,4,8/9/22,Eastern Brook,3155,16,1.59,7.7,67.2,23,19,3.1,259.99,6.81
180_Z,MP_251_16S,Zooplankton,Cyclopoid,50,4,8/9/22,Eastern Brook,3155,16,1.59,7.7,67.2,23,19,3.1,259.99,6.81
177_Z,MP_261_16S,Zooplankton,Daphnia,30,4,8/9/22,Eastern Brook,3155,16,1.59,7.7,67.2,23,19,3.1,259.99,6.81
182_Z,MP_263_16S,Zooplankton,Calanoid,50,4,8/9/22,Eastern Brook,3155,16,1.59,7.7,67.2,23,19,3.1,259.99,6.81
179_Z,MP_283_16S,Zooplankton,Cyclopoid,50,4,8/9/22,Eastern Brook,3155,16,1.59,7.7,67.2,23,19,3.1,259.99,6.81
183_Z,MP_288_16S,Zooplankton,Calanoid,50,4,8/9/22,Eastern Brook,3155,16,1.59,7.7,67.2,23,19,3.1,259.99,6.81
38_W,MP_292_16S,Water,Water,NA,4,8/9/22,Eastern Brook,3155,16,1.59,7.7,67.2,23,19,3.1,259.99,6.81
225_Z,MP_299_16S,Zooplankton,Daphnia,30,5,8/23/22,Eastern Brook,3155,18.1,1.38,8.11,64.8,27.5,21,3.2,NA,NA
228_Z,MP_303_16S,Zooplankton,Cyclopoid,50,5,8/23/22,Eastern Brook,3155,18.1,1.38,8.11,64.8,27.5,21,3.2,NA,NA
227_Z,MP_310_16S,Zooplankton,Daphnia,30,5,8/23/22,Eastern Brook,3155,18.1,1.38,8.11,64.8,27.5,21,3.2,NA,NA
231_Z,MP_314_16S,Zooplankton,Cyclopoid,50,5,8/23/22,Eastern Brook,3155,18.1,1.38,8.11,64.8,27.5,21,3.2,NA,NA
229_Z,MP_318_16S,Zooplankton,Cyclopoid,50,5,8/23/22,Eastern Brook,3155,18.1,1.38,8.11,64.8,27.5,21,3.2,NA,NA
226_Z,MP_324_16S,Zooplankton,Daphnia,30,5,8/23/22,Eastern Brook,3155,18.1,1.38,8.11,64.8,27.5,21,3.2,NA,NA
44_W,MP_350_16S,Water,Water,NA,5,8/23/22,Eastern Brook,3155,18.1,1.38,8.11,64.8,27.5,21,3.2,NA,NA
230_Z,MP_360_16S,Zooplankton,Cyclopoid,50,5,8/23/22,Eastern Brook,3155,18.1,1.38,8.11,64.8,27.5,21,3.2,NA,NA
224_Z,MP_363_16S,Zooplankton,Daphnia,30,5,8/23/22,Eastern Brook,3155,18.1,1.38,8.11,64.8,27.5,21,3.2,NA,NA
51_Z22,MP_09_16S,Zooplankton,Calanoid,50,1,6/26/22,Serene,3124,14.4,1.31,6.96,69.5,17.6,14,2.7,211.83,10.84
49_Z22,MP_52_16S,Zooplankton,Calanoid,50,1,6/26/22,Serene,3124,14.4,1.31,6.96,69.5,17.6,14,2.7,211.83,10.84
50_Z22,MP_85_16S,Zooplankton,Calanoid,50,1,6/26/22,Serene,3124,14.4,1.31,6.96,69.5,17.6,14,2.7,211.83,10.84
52_Z22,MP_89_16S,Zooplankton,Calanoid,50,1,6/26/22,Serene,3124,14.4,1.31,6.96,69.5,17.6,14,2.7,211.83,10.84
53_Z22,MP_164_16S,Zooplankton,Ceriodaphnia,58,1,6/26/22,Serene,3124,14.4,1.31,6.96,69.5,17.6,14,2.7,211.83,10.84
52_W,MP_302_16S,Water,Water,NA,1,6/26/22,Serene,3124,14.4,1.31,6.96,69.5,17.6,14,2.7,211.83,10.84
16_Z,MP_25_16S,Zooplankton,Calanoid,50,2,7/6/22,Serene,3124,16.8,1.39,8.65,70,17.8,15,3,697.03,4102.48
7_Z,MP_37_16S,Zooplankton,Calanoid,50,2,7/6/22,Serene,3124,16.8,1.39,8.65,70,17.8,15,3,697.03,4102.48
8_Z,MP_93_16S,Zooplankton,Calanoid,50,2,7/6/22,Serene,3124,16.8,1.39,8.65,70,17.8,15,3,697.03,4102.48
11_Z,MP_148_16S,Zooplankton,Daphnia,30,2,7/6/22,Serene,3124,16.8,1.39,8.65,70,17.8,15,3,697.03,4102.48
12_Z,MP_169_16S,Zooplankton,Ceriodaphnia,50,2,7/6/22,Serene,3124,16.8,1.39,8.65,70,17.8,15,3,697.03,4102.48
10_Z,MP_173_16S,Zooplankton,Ceriodaphnia,50,2,7/6/22,Serene,3124,16.8,1.39,8.65,70,17.8,15,3,697.03,4102.48
13_Z,MP_293_16S,Zooplankton,Ceriodaphnia,50,2,7/6/22,Serene,3124,16.8,1.39,8.65,70,17.8,15,3,697.03,4102.48
27_W,MP_300_16S,Water,Water,NA,2,7/6/22,Serene,3124,16.8,1.39,8.65,70,17.8,15,3,697.03,4102.48
116_Z,MP_102_16S,Zooplankton,Large Calanoid,10,3,7/22/22,Serene,3124,19.7,1.12,8.36,71.9,18.5,16.6,3.1,302.75,48.61
113_Z,MP_106_16S,Zooplankton,Calanoid,50,3,7/22/22,Serene,3124,19.7,1.12,8.36,71.9,18.5,16.6,3.1,302.75,48.61
118_Z,MP_111_16S,Zooplankton,Daphnia,30,3,7/22/22,Serene,3124,19.7,1.12,8.36,71.9,18.5,16.6,3.1,302.75,48.61
112_Z,MP_121_16S,Zooplankton,Calanoid,50,3,7/22/22,Serene,3124,19.7,1.12,8.36,71.9,18.5,16.6,3.1,302.75,48.61
117_Z,MP_126_16S,Zooplankton,Daphnia,30,3,7/22/22,Serene,3124,19.7,1.12,8.36,71.9,18.5,16.6,3.1,302.75,48.61
124_Z,MP_135_16S,Zooplankton,Holopedium,10,3,7/22/22,Serene,3124,19.7,1.12,8.36,71.9,18.5,16.6,3.1,302.75,48.61
127_Z,MP_149_16S,Zooplankton,Ceriodaphnia,50,3,7/22/22,Serene,3124,19.7,1.12,8.36,71.9,18.5,16.6,3.1,302.75,48.61
126_Z,MP_152_16S,Zooplankton,Ceriodaphnia,50,3,7/22/22,Serene,3124,19.7,1.12,8.36,71.9,18.5,16.6,3.1,302.75,48.61
119_Z,MP_154_16S,Zooplankton,Daphnia,30,3,7/22/22,Serene,3124,19.7,1.12,8.36,71.9,18.5,16.6,3.1,302.75,48.61
114_Z,MP_158_16S,Zooplankton,Calanoid,50,3,7/22/22,Serene,3124,19.7,1.12,8.36,71.9,18.5,16.6,3.1,302.75,48.61
120_Z,MP_172_16S,Zooplankton,Daphnia,30,3,7/22/22,Serene,3124,19.7,1.12,8.36,71.9,18.5,16.6,3.1,302.75,48.61
123_Z,MP_175_16S,Zooplankton,Holopedium,10,3,7/22/22,Serene,3124,19.7,1.12,8.36,71.9,18.5,16.6,3.1,302.75,48.61
128_Z,MP_187_16S,Zooplankton,Ceriodaphnia,50,3,7/22/22,Serene,3124,19.7,1.12,8.36,71.9,18.5,16.6,3.1,302.75,48.61
115_Z,MP_188_16S,Zooplankton,Calanoid,50,3,7/22/22,Serene,3124,19.7,1.12,8.36,71.9,18.5,16.6,3.1,302.75,48.61
125_Z,MP_294_16S,Zooplankton,Ceriodaphnia,50,3,7/22/22,Serene,3124,19.7,1.12,8.36,71.9,18.5,16.6,3.1,302.75,48.61
33_W,MP_315_16S,Water,Water,NA,3,7/22/22,Serene,3124,19.7,1.12,8.36,71.9,18.5,16.6,3.1,302.75,48.61
186_Z,MP_196_16S,Zooplankton,Calanoid,50,4,8/9/22,Serene,3124,16.9,1.55,7.94,69.2,20.1,17,3,188.74,6.19
184_Z,MP_200_16S,Zooplankton,Calanoid,50,4,8/9/22,Serene,3124,16.9,1.55,7.94,69.2,20.1,17,3,188.74,6.19
197_Z,MP_204_16S,Zooplankton,Holopedium,10,4,8/9/22,Serene,3124,16.9,1.55,7.94,69.2,20.1,17,3,188.74,6.19
190_Z,MP_205_16S,Zooplankton,Daphnia,30,4,8/9/22,Serene,3124,16.9,1.55,7.94,69.2,20.1,17,3,188.74,6.19
194_Z,MP_218_16S,Zooplankton,Holopedium,10,4,8/9/22,Serene,3124,16.9,1.55,7.94,69.2,20.1,17,3,188.74,6.19
185_Z,MP_229_16S,Zooplankton,Calanoid,50,4,8/9/22,Serene,3124,16.9,1.55,7.94,69.2,20.1,17,3,188.74,6.19
193_Z,MP_236_16S,Zooplankton,Bosmina,50,4,8/9/22,Serene,3124,16.9,1.55,7.94,69.2,20.1,17,3,188.74,6.19
188_Z,MP_240_16S,Zooplankton,Daphnia,30,4,8/9/22,Serene,3124,16.9,1.55,7.94,69.2,20.1,17,3,188.74,6.19
195_Z,MP_248_16S,Zooplankton,Holopedium,10,4,8/9/22,Serene,3124,16.9,1.55,7.94,69.2,20.1,17,3,188.74,6.19
187_Z,MP_253_16S,Zooplankton,Calanoid,50,4,8/9/22,Serene,3124,16.9,1.55,7.94,69.2,20.1,17,3,188.74,6.19
192_Z,MP_286_16S,Zooplankton,Bosmina,50,4,8/9/22,Serene,3124,16.9,1.55,7.94,69.2,20.1,17,3,188.74,6.19
39_W,MP_290_16S,Water,Water,NA,4,8/9/22,Serene,3124,16.9,1.55,7.94,69.2,20.1,17,3,188.74,6.19
239_Z,MP_297_16S,Zooplankton,Calanoid,50,5,8/23/22,Serene,3124,18.8,1.98,7.9,67.8,20.8,16.5,3,NA,NA
235_Z,MP_304_16S,Zooplankton,Daphnia,30,5,8/23/22,Serene,3124,18.8,1.98,7.9,67.8,20.8,16.5,3,NA,NA
234_Z,MP_305_16S,Zooplankton,Daphnia,30,5,8/23/22,Serene,3124,18.8,1.98,7.9,67.8,20.8,16.5,3,NA,NA
245_Z,MP_320_16S,Zooplankton,Holopedium,10,5,8/23/22,Serene,3124,18.8,1.98,7.9,67.8,20.8,16.5,3,NA,NA
242_Z,MP_321_16S,Zooplankton,Ceriodaphnia,50,5,8/23/22,Serene,3124,18.8,1.98,7.9,67.8,20.8,16.5,3,NA,NA
241_Z,MP_323_16S,Zooplankton,Ceriodaphnia,50,5,8/23/22,Serene,3124,18.8,1.98,7.9,67.8,20.8,16.5,3,NA,NA
243_Z,MP_326_16S,Zooplankton,Ceriodaphnia,50,5,8/23/22,Serene,3124,18.8,1.98,7.9,67.8,20.8,16.5,3,NA,NA
237_Z,MP_331_16S,Zooplankton,Calanoid,50,5,8/23/22,Serene,3124,18.8,1.98,7.9,67.8,20.8,16.5,3,NA,NA
238_Z,MP_333_16S,Zooplankton,Calanoid,50,5,8/23/22,Serene,3124,18.8,1.98,7.9,67.8,20.8,16.5,3,NA,NA
236_Z,MP_340_16S,Zooplankton,Calanoid,50,5,8/23/22,Serene,3124,18.8,1.98,7.9,67.8,20.8,16.5,3,NA,NA
233_Z,MP_345_16S,Zooplankton,Daphnia,30,5,8/23/22,Serene,3124,18.8,1.98,7.9,67.8,20.8,16.5,3,NA,NA
244_Z,MP_356_16S,Zooplankton,Holopedium,10,5,8/23/22,Serene,3124,18.8,1.98,7.9,67.8,20.8,16.5,3,NA,NA
45_W,MP_357_16S,Water,Water,NA,5,8/23/22,Serene,3124,18.8,1.98,7.9,67.8,20.8,16.5,3,NA,NA
240_Z,MP_361_16S,Zooplankton,Ceriodaphnia,50,5,8/23/22,Serene,3124,18.8,1.98,7.9,67.8,20.8,16.5,3,NA,NA
232_Z,MP_367_16S,Zooplankton,Daphnia,30,5,8/23/22,Serene,3124,18.8,1.98,7.9,67.8,20.8,16.5,3,NA,NA
45_Z22,MP_04_16S,Zooplankton,Cyclopoid,50,1,6/29/22,Virginia,2983,14.5,0.67,7.88,76,90.3,72.2,0.8,165.18,4.95
46_Z22,MP_22_16S,Zooplankton,Cyclopoid,50,1,6/29/22,Virginia,2983,14.5,0.67,7.88,76,90.3,72.2,0.8,165.18,4.95
37_Z22,MP_23_16S,Zooplankton,Daphnia,30,1,6/29/22,Virginia,2983,14.5,0.67,7.88,76,90.3,72.2,0.8,165.18,4.95
42_Z22,MP_35_16S,Zooplankton,Daphnia,100,1,6/29/22,Virginia,2983,14.5,0.67,7.88,76,90.3,72.2,0.8,165.18,4.95
47_Z22,MP_62_16S,Zooplankton,Cyclopoid,50,1,6/29/22,Virginia,2983,14.5,0.67,7.88,76,90.3,72.2,0.8,165.18,4.95
39_Z22,MP_72_16S,Zooplankton,Daphnia,30,1,6/29/22,Virginia,2983,14.5,0.67,7.88,76,90.3,72.2,0.8,165.18,4.95
41_Z22,MP_79_16S,Zooplankton,Daphnia,100,1,6/29/22,Virginia,2983,14.5,0.67,7.88,76,90.3,72.2,0.8,165.18,4.95
36_Z22,MP_80_16S,Zooplankton,Daphnia,30,1,6/29/22,Virginia,2983,14.5,0.67,7.88,76,90.3,72.2,0.8,165.18,4.95
43_Z22,MP_81_16S,Zooplankton,Cyclopoid,50,1,6/29/22,Virginia,2983,14.5,0.67,7.88,76,90.3,72.2,0.8,165.18,4.95
40_Z22,MP_87_16S,Zooplankton,Daphnia,30,1,6/29/22,Virginia,2983,14.5,0.67,7.88,76,90.3,72.2,0.8,165.18,4.95
44_Z22,MP_91_16S,Zooplankton,Cyclopoid,50,1,6/29/22,Virginia,2983,14.5,0.67,7.88,76,90.3,72.2,0.8,165.18,4.95
38_Z22,MP_98_16S,Zooplankton,Daphnia,30,1,6/29/22,Virginia,2983,14.5,0.67,7.88,76,90.3,72.2,0.8,165.18,4.95
48_Z22,MP_132_16S,Zooplankton,Cyclopoid,98,1,6/29/22,Virginia,2983,14.5,0.67,7.88,76,90.3,72.2,0.8,165.18,4.95
8_W,MP_317_16S,Water,Water,NA,1,6/29/22,Virginia,2983,14.5,0.67,7.88,76,90.3,72.2,0.8,165.18,4.95
39_Z,MP_06_16S,Zooplankton,Calanoid,50,2,7/9/22,Virginia,2983,16.1,0.58,7.32,80.5,91.6,76.1,1.1,872.79,NA
29_Z,MP_31_16S,Zooplankton,Cyclopoid,50,2,7/9/22,Virginia,2983,16.1,0.58,7.32,80.5,91.6,76.1,1.1,872.79,NA
30_Z,MP_43_16S,Zooplankton,Cyclopoid,50,2,7/9/22,Virginia,2983,16.1,0.58,7.32,80.5,91.6,76.1,1.1,872.79,NA
38_Z,MP_44_16S,Zooplankton,Calanoid,50,2,7/9/22,Virginia,2983,16.1,0.58,7.32,80.5,91.6,76.1,1.1,872.79,NA
32_Z,MP_95_16S,Zooplankton,Cyclopoid,50,2,7/9/22,Virginia,2983,16.1,0.58,7.32,80.5,91.6,76.1,1.1,872.79,NA
34_Z,MP_141_16S,Zooplankton,Daphnia,30,2,7/9/22,Virginia,2983,16.1,0.58,7.32,80.5,91.6,76.1,1.1,872.79,NA
35_Z,MP_166_16S,Zooplankton,Daphnia,30,2,7/9/22,Virginia,2983,16.1,0.58,7.32,80.5,91.6,76.1,1.1,872.79,NA
33_Z,MP_171_16S,Zooplankton,Daphnia,30,2,7/9/22,Virginia,2983,16.1,0.58,7.32,80.5,91.6,76.1,1.1,872.79,NA
36_Z,MP_192_16S,Zooplankton,Daphnia,30,2,7/9/22,Virginia,2983,16.1,0.58,7.32,80.5,91.6,76.1,1.1,872.79,NA
30_W,MP_328_16S,Water,Water,NA,2,7/9/22,Virginia,2983,16.1,0.58,7.32,80.5,91.6,76.1,1.1,872.79,NA
74_Z,MP_12_16S,Zooplankton,Cyclopoid,50,3,7/21/22,Virginia,2983,18.7,0.35,8.48,81.4,93,81.9,1.1,217.24,7.74
70_Z,MP_36_16S,Zooplankton,Calanoid,50,3,7/21/22,Virginia,2983,18.7,0.35,8.48,81.4,93,81.9,1.1,217.24,7.74
75_Z,MP_46_16S,Zooplankton,Cyclopoid,50,3,7/21/22,Virginia,2983,18.7,0.35,8.48,81.4,93,81.9,1.1,217.24,7.74
73_Z,MP_51_16S,Zooplankton,Cyclopoid,50,3,7/21/22,Virginia,2983,18.7,0.35,8.48,81.4,93,81.9,1.1,217.24,7.74
71_Z,MP_65_16S,Zooplankton,Calanoid,50,3,7/21/22,Virginia,2983,18.7,0.35,8.48,81.4,93,81.9,1.1,217.24,7.74
67_Z,MP_115_16S,Zooplankton,Daphnia,30,3,7/21/22,Virginia,2983,18.7,0.35,8.48,81.4,93,81.9,1.1,217.24,7.74
69_Z,MP_165_16S,Zooplankton,Daphnia,30,3,7/21/22,Virginia,2983,18.7,0.35,8.48,81.4,93,81.9,1.1,217.24,7.74
68_Z,MP_179_16S,Zooplankton,Daphnia,30,3,7/21/22,Virginia,2983,18.7,0.35,8.48,81.4,93,81.9,1.1,217.24,7.74
66_Z,MP_189_16S,Zooplankton,Daphnia,30,3,7/21/22,Virginia,2983,18.7,0.35,8.48,81.4,93,81.9,1.1,217.24,7.74
36_W,MP_353_16S,Water,Water,NA,3,7/21/22,Virginia,2983,18.7,0.35,8.48,81.4,93,81.9,1.1,217.24,7.74
129_Z,MP_159_16S,Zooplankton,Daphnia,30,4,8/4/22,Virginia,2983,17.7,0.34,8.61,77.4,102.1,87.8,66.6,3228.98,4.02
134_Z,MP_195_16S,Zooplankton,Cyclopoid,50,4,8/4/22,Virginia,2983,17.7,0.34,8.61,77.4,102.1,87.8,66.6,3228.98,4.02
130_Z,MP_202_16S,Zooplankton,Daphnia,30,4,8/4/22,Virginia,2983,17.7,0.34,8.61,77.4,102.1,87.8,66.6,3228.98,4.02
135_Z,MP_206_16S,Zooplankton,Cyclopoid,50,4,8/4/22,Virginia,2983,17.7,0.34,8.61,77.4,102.1,87.8,66.6,3228.98,4.02
136_Z,MP_211_16S,Zooplankton,Cyclopoid,50,4,8/4/22,Virginia,2983,17.7,0.34,8.61,77.4,102.1,87.8,66.6,3228.98,4.02
137_Z,MP_214_16S,Zooplankton,Calanoid,50,4,8/4/22,Virginia,2983,17.7,0.34,8.61,77.4,102.1,87.8,66.6,3228.98,4.02
133_Z,MP_235_16S,Zooplankton,Cyclopoid,50,4,8/4/22,Virginia,2983,17.7,0.34,8.61,77.4,102.1,87.8,66.6,3228.98,4.02
138_Z,MP_241_16S,Zooplankton,Calanoid,50,4,8/4/22,Virginia,2983,17.7,0.34,8.61,77.4,102.1,87.8,66.6,3228.98,4.02
131_Z,MP_262_16S,Zooplankton,Daphnia,30,4,8/4/22,Virginia,2983,17.7,0.34,8.61,77.4,102.1,87.8,66.6,3228.98,4.02
132_Z,MP_272_16S,Zooplankton,Daphnia,30,4,8/4/22,Virginia,2983,17.7,0.34,8.61,77.4,102.1,87.8,66.6,3228.98,4.02
139_Z,MP_273_16S,Zooplankton,Calanoid,50,4,8/4/22,Virginia,2983,17.7,0.34,8.61,77.4,102.1,87.8,66.6,3228.98,4.02
42_W,MP_344_16S,Water,Water,NA,4,8/4/22,Virginia,2983,17.7,0.34,8.61,77.4,102.1,87.8,66.6,3228.98,4.02
216_Z,MP_223_16S,Zooplankton,Daphnia,30,5,8/22/22,Virginia,2983,19.5,0.83,8.48,75.6,105.4,87.9,7.75,NA,NA
219_Z,MP_227_16S,Zooplankton,Daphnia,30,5,8/22/22,Virginia,2983,19.5,0.83,8.48,75.6,105.4,87.9,7.75,NA,NA
221_Z,MP_230_16S,Zooplankton,Cyclopoid,50,5,8/22/22,Virginia,2983,19.5,0.83,8.48,75.6,105.4,87.9,7.75,NA,NA
215_Z,MP_234_16S,Zooplankton,Daphnia,30,5,8/22/22,Virginia,2983,19.5,0.83,8.48,75.6,105.4,87.9,7.75,NA,NA
217_Z,MP_237_16S,Zooplankton,Daphnia,30,5,8/22/22,Virginia,2983,19.5,0.83,8.48,75.6,105.4,87.9,7.75,NA,NA
218_Z,MP_247_16S,Zooplankton,Daphnia,30,5,8/22/22,Virginia,2983,19.5,0.83,8.48,75.6,105.4,87.9,7.75,NA,NA
220_Z,MP_268_16S,Zooplankton,Cyclopoid,50,5,8/22/22,Virginia,2983,19.5,0.83,8.48,75.6,105.4,87.9,7.75,NA,NA
223_Z,MP_316_16S,Zooplankton,Cyclopoid,50,5,8/22/22,Virginia,2983,19.5,0.83,8.48,75.6,105.4,87.9,7.75,NA,NA
222_Z,MP_343_16S,Zooplankton,Cyclopoid,50,5,8/22/22,Virginia,2983,19.5,0.83,8.48,75.6,105.4,87.9,7.75,NA,NA
48_W,MP_362_16S,Water,Water,NA,5,8/22/22,Virginia,2983,19.5,0.83,8.48,75.6,105.4,87.9,7.75,NA,NA