"","sampleNames","sequencing_ID","sample_ID","read.sum","time_point","date","lake","latitude","longitude","basin","sample_type","organism","Number.of.Organism","phy_group","elevation_m","temp_C","chla_ug.L","pH","DO_perc","spc","cond","DOC","TDN","TDP","elev.cat"
"01_16S","01_16S","MP_01_16S","1_Z22","  6038","1","2022-06-29","Convict","37.59009","-118.8574","South","Zooplankton","Calanoid"," 50","copepoda","2315","13.8","0.26","5.87","81.6","166.0","130.3"," 0.60",NA,NA,"Below"
"02_16S","02_16S","MP_02_16S","65_Z","  7168","3","2022-06-29","Blue","38.05095","-119.2703","North","Zooplankton","Cyclopoid"," 50","copepoda","3005","17.0","0.22","8.48","81.3","100.2"," 84.9"," 0.90","  79.48","  6.19","Above"
"03_16S","03_16S","MP_03_16S","95_Z","  6858","3","2022-07-21","Cooney","38.04806","-119.2770","North","Zooplankton","Cyclopoid"," 50","copepoda","3116","16.7","0.43","8.61","76.8","112.9"," 95.0"," 1.00","  84.23","369.04","Above"
"04_16S","04_16S","MP_04_16S","45_Z22","  6099","1","2022-06-29","Virginia","38.04698","-119.2651","North","Zooplankton","Cyclopoid"," 50","copepoda","2983","14.5","0.67","7.88","76.0"," 90.3"," 72.2"," 0.80"," 165.18","  4.95","Above"
"05_16S","05_16S","MP_05_16S","78_Z"," 11121","3","2022-07-21","Convict","37.59009","-118.8574","South","Zooplankton","Calanoid"," 50","copepoda","2315","18.2","0.20","8.34","76.7","164.8","143.5"," 0.80"," 103.23","204.95","Below"
"06_16S","06_16S","MP_06_16S","39_Z"," 90227","2","2022-07-09","Virginia","38.04698","-119.2651","North","Zooplankton","Calanoid"," 50","copepoda","2983","16.1","0.58","7.32","80.5"," 91.6"," 76.1"," 1.10"," 872.79",NA,"Above"
"07_16S","07_16S","MP_07_16S","31_Z22"," 12478","1","2022-06-29","Cooney","38.04806","-119.2770","North","Zooplankton","Daphnia"," 30","cladocera","3116","12.6","0.45","7.96","80.5","106.9"," 81.7"," 0.70"," 269.97"," 57.28","Above"
"09_16S","09_16S","MP_09_16S","51_Z22","  1283","1","2022-06-29","Serene","37.43839","-118.7444","South","Zooplankton","Calanoid"," 50","copepoda","3124","14.4","1.31","6.96","69.5"," 17.6"," 14.0"," 2.70"," 211.83"," 10.84","Above"
"10_16S","10_16S","MP_10_16S","4_Z","  1999","2","2022-07-09","Eastern Brook","37.43153","-118.7426","South","Zooplankton","Calanoid"," 50","copepoda","3155","16.0","0.93","8.60","73.8"," 20.6"," 17.0"," 3.40"," 409.63"," 13.62","Above"
"101_16S","101_16S","MP_101_16S","10_Z22","  1630","1","2022-06-29","Convict","37.59009","-118.8574","South","Zooplankton","Daphnia"," 20","cladocera","2315","13.8","0.26","5.87","81.6","166.0","130.3"," 0.60",NA,NA,"Below"
"102_16S","102_16S","MP_102_16S","116_Z","   735","3","2022-07-21","Serene","37.43839","-118.7444","South","Zooplankton","Calanoid"," 10","copepoda","3124","19.7","1.12","8.36","71.9"," 18.5"," 16.6"," 3.10"," 302.75"," 48.61","Above"
"104_16S","104_16S","MP_104_16S","59_Z","  6147","3","2022-06-29","Blue","38.05095","-119.2703","North","Zooplankton","Daphnia"," 30","cladocera","3005","17.0","0.22","8.48","81.3","100.2"," 84.9"," 0.90","  79.48","  6.19","Above"
"106_16S","106_16S","MP_106_16S","113_Z","  3303","3","2022-07-21","Serene","37.43839","-118.7444","South","Zooplankton","Calanoid"," 50","copepoda","3124","19.7","1.12","8.36","71.9"," 18.5"," 16.6"," 3.10"," 302.75"," 48.61","Above"
"109_16S","109_16S","MP_109_16S","61_Z","  1277","3","2022-06-29","Blue","38.05095","-119.2703","North","Zooplankton","Daphnia"," 30","cladocera","3005","17.0","0.22","8.48","81.3","100.2"," 84.9"," 0.90","  79.48","  6.19","Above"
"11_16S","11_16S","MP_11_16S","31_Z","  4628","2","2022-07-09","Virginia","38.04698","-119.2651","North","Zooplankton","Cyclopoid"," 50","copepoda","2983","16.1","0.58","7.32","80.5"," 91.6"," 76.1"," 1.10"," 872.79",NA,"Above"
"113_16S","113_16S","MP_113_16S","33_Z22"," 12431","1","2022-06-29","Cooney","38.04806","-119.2770","North","Zooplankton","Daphnia","100","cladocera","3116","12.6","0.45","7.96","80.5","106.9"," 81.7"," 0.70"," 269.97"," 57.28","Above"
"116_16S","116_16S","MP_116_16S","59_Z22","  9592","1","2022-06-29","Blue","38.05095","-119.2703","North","Zooplankton","Daphnia"," 30","cladocera","3005","12.8","0.34","7.97","73.8"," 97.5"," 74.7"," 0.80"," 137.16"," 22.60","Above"
"117_16S","117_16S","MP_117_16S","106_Z","  3913","3","2022-07-21","Eastern Brook","37.43153","-118.7426","South","Zooplankton","Calanoid"," 50","copepoda","3155","18.9","1.05","8.56","74.2"," 21.0"," 18.5"," 3.45"," 202.99","101.86","Above"
"118_16S","118_16S","MP_118_16S","22_Z","   652","2","2022-06-29","Blue","38.05095","-119.2703","North","Zooplankton","Daphnia"," 30","cladocera","3005","14.8","0.42","7.04","82.1"," 98.7"," 79.4"," 0.90"," 264.74","149.54","Above"
"119_16S","119_16S","MP_119_16S","97_Z","  2964","3","2022-07-21","Cooney","38.04806","-119.2770","North","Zooplankton","Calanoid"," 50","copepoda","3116","16.7","0.43","8.61","76.8","112.9"," 95.0"," 1.00","  84.23","369.04","Above"
"12_16S","12_16S","MP_12_16S","74_Z","   519","3","2022-07-21","Virginia","38.04698","-119.2651","North","Zooplankton","Cyclopoid"," 50","copepoda","2983","18.7","0.35","8.48","81.4"," 93.0"," 81.9"," 1.10"," 217.24","  7.74","Above"
"121_16S","121_16S","MP_121_16S","112_Z","  2007","3","2022-07-21","Serene","37.43839","-118.7444","South","Zooplankton","Calanoid"," 50","copepoda","3124","19.7","1.12","8.36","71.9"," 18.5"," 16.6"," 3.10"," 302.75"," 48.61","Above"
"122_16S","122_16S","MP_122_16S","101_Z","   612","3","2022-07-21","Eastern Brook","37.43153","-118.7426","South","Zooplankton","Daphnia"," 30","cladocera","3155","18.9","1.05","8.56","74.2"," 21.0"," 18.5"," 3.45"," 202.99","101.86","Above"
"124_16S","124_16S","MP_124_16S","98_Z","  1003","3","2022-07-21","Cooney","38.04806","-119.2770","North","Zooplankton","Calanoid"," 50","copepoda","3116","16.7","0.43","8.61","76.8","112.9"," 95.0"," 1.00","  84.23","369.04","Above"
"126_16S","126_16S","MP_126_16S","117_Z","   633","3","2022-07-21","Serene","37.43839","-118.7444","South","Zooplankton","Daphnia"," 30","cladocera","3124","19.7","1.12","8.36","71.9"," 18.5"," 16.6"," 3.10"," 302.75"," 48.61","Above"
"127_16S","127_16S","MP_127_16S","41_Z"," 15681","2","2022-07-09","Cooney","38.04806","-119.2770","North","Zooplankton","Daphnia"," 30","cladocera","3116","14.3","0.30","6.94","77.5","109.6"," 87.1"," 1.00","  74.73","  9.29","Above"
"128_16S","128_16S","MP_128_16S","110_Z","  2237","3","2022-07-21","Eastern Brook","37.43153","-118.7426","South","Zooplankton","Cyclopoid"," 50","copepoda","3155","18.9","1.05","8.56","74.2"," 21.0"," 18.5"," 3.45"," 202.99","101.86","Above"
"130_16S","130_16S","MP_130_16S","49_Z","  1970","5","2022-06-29","Blue","38.05095","-119.2703","North","Zooplankton","Daphnia"," 30","cladocera","3005","18.5","0.55","7.93","73.1","115.1"," 93.6"," 1.10",NA,NA,"Above"
"131_16S","131_16S","MP_131_16S","111_Z","  9636","3","2022-07-21","Eastern Brook","37.43153","-118.7426","South","Zooplankton","Holopedium","  8","cladocera","3155","18.9","1.05","8.56","74.2"," 21.0"," 18.5"," 3.45"," 202.99","101.86","Above"
"132_16S","132_16S","MP_132_16S","48_Z22","  1108","1","2022-06-29","Virginia","38.04698","-119.2651","North","Zooplankton","Cyclopoid"," 98","copepoda","2983","14.5","0.67","7.88","76.0"," 90.3"," 72.2"," 0.80"," 165.18","  4.95","Above"
"133_16S","133_16S","MP_133_16S","83_Z","  1246","3","2022-07-21","Convict","37.59009","-118.8574","South","Zooplankton","Daphnia"," 30","cladocera","2315","18.2","0.20","8.34","76.7","164.8","143.5"," 0.80"," 103.23","204.95","Below"
"137_16S","137_16S","MP_137_16S","21_Z","  2877","2","2022-06-29","Blue","38.05095","-119.2703","North","Zooplankton","Daphnia"," 30","cladocera","3005","14.8","0.42","7.04","82.1"," 98.7"," 79.4"," 0.90"," 264.74","149.54","Above"
"138_16S","138_16S","MP_138_16S","96_Z","  1796","3","2022-07-21","Cooney","38.04806","-119.2770","North","Zooplankton","Calanoid"," 50","copepoda","3116","16.7","0.43","8.61","76.8","112.9"," 95.0"," 1.00","  84.23","369.04","Above"
"139_16S","139_16S","MP_139_16S","58_Z22","  3940","1","2022-06-29","Blue","38.05095","-119.2703","North","Zooplankton","Daphnia"," 30","cladocera","3005","12.8","0.34","7.97","73.8"," 97.5"," 74.7"," 0.80"," 137.16"," 22.60","Above"
"14_16S","14_16S","MP_14_16S","94_Z","  5310","3","2022-07-21","Cooney","38.04806","-119.2770","North","Zooplankton","Cyclopoid"," 50","copepoda","3116","16.7","0.43","8.61","76.8","112.9"," 95.0"," 1.00","  84.23","369.04","Above"
"141_16S","141_16S","MP_141_16S","34_Z","  5020","2","2022-07-09","Virginia","38.04698","-119.2651","North","Zooplankton","Daphnia"," 30","cladocera","2983","16.1","0.58","7.32","80.5"," 91.6"," 76.1"," 1.10"," 872.79",NA,"Above"
"143_16S","143_16S","MP_143_16S","6_Z22","  2539","1","2022-06-29","Convict","37.59009","-118.8574","South","Zooplankton","Daphnia"," 20","cladocera","2315","13.8","0.26","5.87","81.6","166.0","130.3"," 0.60",NA,NA,"Below"
"144_16S","144_16S","MP_144_16S","107_Z","  3730","3","2022-07-21","Eastern Brook","37.43153","-118.7426","South","Zooplankton","Calanoid"," 50","copepoda","3155","18.9","1.05","8.56","74.2"," 21.0"," 18.5"," 3.45"," 202.99","101.86","Above"
"146_16S","146_16S","MP_146_16S","23_Z","  1421","2","2022-06-29","Blue","38.05095","-119.2703","North","Zooplankton","Cyclopoid"," 50","copepoda","3005","14.8","0.42","7.04","82.1"," 98.7"," 79.4"," 0.90"," 264.74","149.54","Above"
"147_16S","147_16S","MP_147_16S","58_Z","  1256","3","2022-06-29","Blue","38.05095","-119.2703","North","Zooplankton","Daphnia"," 30","cladocera","3005","17.0","0.22","8.48","81.3","100.2"," 84.9"," 0.90","  79.48","  6.19","Above"
"15_16S","15_16S","MP_15_16S","22_Z22","  1378","1","2022-06-29","Eastern Brook","37.43153","-118.7426","South","Zooplankton","Calanoid"," 50","copepoda","3155","13.1","0.40","6.90","67.3"," 20.0"," 15.5"," 3.10"," 217.44"," 32.97","Above"
"150_16S","150_16S","MP_150_16S","46_Z","  2033","2","2022-07-09","Cooney","38.04806","-119.2770","North","Zooplankton","Cyclopoid"," 17","copepoda","3116","14.3","0.30","6.94","77.5","109.6"," 87.1"," 1.00","  74.73","  9.29","Above"
"151_16S","151_16S","MP_151_16S","19_Z","  1573","2","2022-06-29","Blue","38.05095","-119.2703","North","Zooplankton","Daphnia"," 30","cladocera","3005","14.8","0.42","7.04","82.1"," 98.7"," 79.4"," 0.90"," 264.74","149.54","Above"
"153_16S","153_16S","MP_153_16S","11_Z22","   642","1","2022-06-29","Eastern Brook","37.43153","-118.7426","South","Zooplankton","Daphnia"," 30","cladocera","3155","13.1","0.40","6.90","67.3"," 20.0"," 15.5"," 3.10"," 217.44"," 32.97","Above"
"156_16S","156_16S","MP_156_16S","60_Z22","  3246","1","2022-06-29","Blue","38.05095","-119.2703","North","Zooplankton","Daphnia"," 30","cladocera","3005","12.8","0.34","7.97","73.8"," 97.5"," 74.7"," 0.80"," 137.16"," 22.60","Above"
"157_16S","157_16S","MP_157_16S","43_Z","  4712","2","2022-07-09","Cooney","38.04806","-119.2770","North","Zooplankton","Daphnia"," 30","cladocera","3116","14.3","0.30","6.94","77.5","109.6"," 87.1"," 1.00","  74.73","  9.29","Above"
"158_16S","158_16S","MP_158_16S","114_Z","  1013","3","2022-07-21","Serene","37.43839","-118.7444","South","Zooplankton","Calanoid"," 50","copepoda","3124","19.7","1.12","8.36","71.9"," 18.5"," 16.6"," 3.10"," 302.75"," 48.61","Above"
"159_16S","159_16S","MP_159_16S","129_Z","   535","4","2022-08-04","Virginia","38.04698","-119.2651","North","Zooplankton","Daphnia"," 30","cladocera","2983","17.7","0.34","8.61","77.4","102.1"," 87.8","66.60","3228.98","  4.02","Above"
"160_16S","160_16S","MP_160_16S","60_Z","   697","3","2022-06-29","Blue","38.05095","-119.2703","North","Zooplankton","Daphnia"," 30","cladocera","3005","17.0","0.22","8.48","81.3","100.2"," 84.9"," 0.90","  79.48","  6.19","Above"
"161_16S","161_16S","MP_161_16S","42_Z","  3527","2","2022-07-09","Cooney","38.04806","-119.2770","North","Zooplankton","Daphnia"," 30","cladocera","3116","14.3","0.30","6.94","77.5","109.6"," 87.1"," 1.00","  74.73","  9.29","Above"
"163_16S","163_16S","MP_163_16S","108_Z","  2503","3","2022-07-21","Eastern Brook","37.43153","-118.7426","South","Zooplankton","Cyclopoid"," 50","copepoda","3155","18.9","1.05","8.56","74.2"," 21.0"," 18.5"," 3.45"," 202.99","101.86","Above"
"17_16S","17_16S","MP_17_16S","56_Z"," 18333","2","2022-07-09","Cooney","38.04806","-119.2770","North","Zooplankton","Calanoid"," 27","copepoda","3116","14.3","0.30","6.94","77.5","109.6"," 87.1"," 1.00","  74.73","  9.29","Above"
"170_16S","170_16S","MP_170_16S","88_Z","  4786","3","2022-07-21","Cooney","38.04806","-119.2770","North","Zooplankton","Daphnia"," 30","cladocera","3116","16.7","0.43","8.61","76.8","112.9"," 95.0"," 1.00","  84.23","369.04","Above"
"171_16S","171_16S","MP_171_16S","33_Z","  2140","2","2022-07-09","Virginia","38.04698","-119.2651","North","Zooplankton","Daphnia"," 30","cladocera","2983","16.1","0.58","7.32","80.5"," 91.6"," 76.1"," 1.10"," 872.79",NA,"Above"
"172_16S","172_16S","MP_172_16S","120_Z","  1867","3","2022-07-21","Serene","37.43839","-118.7444","South","Zooplankton","Daphnia"," 30","cladocera","3124","19.7","1.12","8.36","71.9"," 18.5"," 16.6"," 3.10"," 302.75"," 48.61","Above"
"175_16S","175_16S","MP_175_16S","123_Z","   601","3","2022-07-21","Serene","37.43839","-118.7444","South","Zooplankton","Holopedium"," 10","cladocera","3124","19.7","1.12","8.36","71.9"," 18.5"," 16.6"," 3.10"," 302.75"," 48.61","Above"
"176_16S","176_16S","MP_176_16S","24_Z","  3049","2","2022-06-29","Blue","38.05095","-119.2703","North","Zooplankton","Cyclopoid"," 50","copepoda","3005","14.8","0.42","7.04","82.1"," 98.7"," 79.4"," 0.90"," 264.74","149.54","Above"
"177_16S","177_16S","MP_177_16S","80_Z","  3404","3","2022-07-21","Convict","37.59009","-118.8574","South","Zooplankton","Daphnia"," 30","cladocera","2315","18.2","0.20","8.34","76.7","164.8","143.5"," 0.80"," 103.23","204.95","Below"
"179_16S","179_16S","MP_179_16S","68_Z","  1167","3","2022-07-21","Virginia","38.04698","-119.2651","North","Zooplankton","Daphnia"," 30","cladocera","2983","18.7","0.35","8.48","81.4"," 93.0"," 81.9"," 1.10"," 217.24","  7.74","Above"
"18_16S","18_16S","MP_18_16S","5_Z22","  2536","1","2022-06-29","Convict","37.59009","-118.8574","South","Zooplankton","Calanoid"," 50","copepoda","2315","13.8","0.26","5.87","81.6","166.0","130.3"," 0.60",NA,NA,"Below"
"180_16S","180_16S","MP_180_16S","104_Z","  8855","3","2022-07-21","Eastern Brook","37.43153","-118.7426","South","Zooplankton","Calanoid"," 50","copepoda","3155","18.9","1.05","8.56","74.2"," 21.0"," 18.5"," 3.45"," 202.99","101.86","Above"
"181_16S","181_16S","MP_181_16S","14_Z","   976","2","2022-07-09","Eastern Brook","37.43153","-118.7426","South","Zooplankton","Daphnia"," 30","cladocera","3155","16.0","0.93","8.60","73.8"," 20.6"," 17.0"," 3.40"," 409.63"," 13.62","Above"
"182_16S","182_16S","MP_182_16S","109_Z"," 11914","3","2022-07-21","Eastern Brook","37.43153","-118.7426","South","Zooplankton","Cyclopoid"," 50","copepoda","3155","18.9","1.05","8.56","74.2"," 21.0"," 18.5"," 3.45"," 202.99","101.86","Above"
"183_16S","183_16S","MP_183_16S","91_Z","  9876","3","2022-07-21","Cooney","38.04806","-119.2770","North","Zooplankton","Daphnia"," 30","cladocera","3116","16.7","0.43","8.61","76.8","112.9"," 95.0"," 1.00","  84.23","369.04","Above"
"186_16S","186_16S","MP_186_16S","50_Z","  5180","5","2022-06-29","Blue","38.05095","-119.2703","North","Zooplankton","Daphnia"," 30","cladocera","3005","18.5","0.55","7.93","73.1","115.1"," 93.6"," 1.10",NA,NA,"Above"
"188_16S","188_16S","MP_188_16S","115_Z"," 11203","3","2022-07-21","Serene","37.43839","-118.7444","South","Zooplankton","Calanoid"," 50","copepoda","3124","19.7","1.12","8.36","71.9"," 18.5"," 16.6"," 3.10"," 302.75"," 48.61","Above"
"190_16S","190_16S","MP_190_16S","105_Z"," 12731","3","2022-07-21","Eastern Brook","37.43153","-118.7426","South","Zooplankton","Calanoid"," 50","copepoda","3155","18.9","1.05","8.56","74.2"," 21.0"," 18.5"," 3.45"," 202.99","101.86","Above"
"191_16S","191_16S","MP_191_16S","89_Z","  2458","3","2022-07-21","Cooney","38.04806","-119.2770","North","Zooplankton","Daphnia"," 30","cladocera","3116","16.7","0.43","8.61","76.8","112.9"," 95.0"," 1.00","  84.23","369.04","Above"
"192_16S","192_16S","MP_192_16S","36_Z"," 15636","2","2022-07-09","Virginia","38.04698","-119.2651","North","Zooplankton","Daphnia"," 30","cladocera","2983","16.1","0.58","7.32","80.5"," 91.6"," 76.1"," 1.10"," 872.79",NA,"Above"
"193_16S","193_16S","MP_193_16S","176_Z"," 10761","4","2022-08-04","Eastern Brook","37.43153","-118.7426","South","Zooplankton","Daphnia"," 30","cladocera","3155","16.0","1.59","7.70","67.2"," 23.0"," 19.0"," 3.10"," 259.99","  6.81","Above"
"194_16S","194_16S","MP_194_16S","162_Z","  3582","4","2022-08-04","Convict","37.59009","-118.8574","South","Zooplankton","Calanoid"," 50","copepoda","2315","18.4","0.81","8.48","78.9","178.5","156.0","51.90",NA,"  4.02","Below"
"195_16S","195_16S","MP_195_16S","134_Z","  8900","4","2022-08-04","Virginia","38.04698","-119.2651","North","Zooplankton","Cyclopoid"," 50","copepoda","2983","17.7","0.34","8.61","77.4","102.1"," 87.8","66.60","3228.98","  4.02","Above"
"196_16S","196_16S","MP_196_16S","186_Z"," 68517","4","2022-08-04","Serene","37.43839","-118.7444","South","Zooplankton","Calanoid"," 50","copepoda","3124","16.9","1.55","7.94","69.2"," 20.1"," 17.0"," 3.00"," 188.74","  6.19","Above"
"197_16S","197_16S","MP_197_16S","172_Z"," 56933","4","2022-08-04","Cooney","38.04806","-119.2770","North","Zooplankton","Cyclopoid"," 50","copepoda","3116","16.2","0.87","7.77","74.5","126.8","105.5","99.20","5982.29","  7.43","Above"
"198_16S","198_16S","MP_198_16S","150_Z"," 16983","4","2022-06-29","Blue","38.05095","-119.2703","North","Zooplankton","Cyclopoid"," 50","copepoda","3005","16.3","0.02","7.99","75.6","110.7"," 92.3"," 1.90"," 100.86","  3.41","Above"
"20_16S","20_16S","MP_20_16S","57_Z22","  1660","1","2022-06-29","Blue","38.05095","-119.2703","North","Zooplankton","Daphnia"," 30","cladocera","3005","12.8","0.34","7.97","73.8"," 97.5"," 74.7"," 0.80"," 137.16"," 22.60","Above"
"200_16S","200_16S","MP_200_16S","184_Z"," 41780","4","2022-08-04","Serene","37.43839","-118.7444","South","Zooplankton","Calanoid"," 50","copepoda","3124","16.9","1.55","7.94","69.2"," 20.1"," 17.0"," 3.00"," 188.74","  6.19","Above"
"202_16S","202_16S","MP_202_16S","130_Z","  4973","4","2022-08-04","Virginia","38.04698","-119.2651","North","Zooplankton","Daphnia"," 30","cladocera","2983","17.7","0.34","8.61","77.4","102.1"," 87.8","66.60","3228.98","  4.02","Above"
"203_16S","203_16S","MP_203_16S","142_Z","  6691","4","2022-06-29","Blue","38.05095","-119.2703","North","Zooplankton","Daphnia"," 30","cladocera","3005","16.3","0.02","7.99","75.6","110.7"," 92.3"," 1.90"," 100.86","  3.41","Above"
"204_16S","204_16S","MP_204_16S","197_Z","  5128","4","2022-08-04","Serene","37.43839","-118.7444","South","Zooplankton","Holopedium"," 10","cladocera","3124","16.9","1.55","7.94","69.2"," 20.1"," 17.0"," 3.00"," 188.74","  6.19","Above"
"205_16S","205_16S","MP_205_16S","190_Z"," 14453","4","2022-08-04","Serene","37.43839","-118.7444","South","Zooplankton","Daphnia"," 30","cladocera","3124","16.9","1.55","7.94","69.2"," 20.1"," 17.0"," 3.00"," 188.74","  6.19","Above"
"206_16S","206_16S","MP_206_16S","135_Z","  4671","4","2022-08-04","Virginia","38.04698","-119.2651","North","Zooplankton","Cyclopoid"," 50","copepoda","2983","17.7","0.34","8.61","77.4","102.1"," 87.8","66.60","3228.98","  4.02","Above"
"207_16S","207_16S","MP_207_16S","168_Z","  3037","4","2022-08-04","Cooney","38.04806","-119.2770","North","Zooplankton","Calanoid"," 50","copepoda","3116","16.2","0.87","7.77","74.5","126.8","105.5","99.20","5982.29","  7.43","Above"
"209_16S","209_16S","MP_209_16S","173_Z"," 11699","4","2022-08-04","Cooney","38.04806","-119.2770","North","Zooplankton","Cyclopoid"," 50","copepoda","3116","16.2","0.87","7.77","74.5","126.8","105.5","99.20","5982.29","  7.43","Above"
"21_16S","21_16S","MP_21_16S","57_Z"," 32522","2","2022-07-09","Cooney","38.04806","-119.2770","North","Zooplankton","Cyclopoid"," 50","copepoda","3116","14.3","0.30","6.94","77.5","109.6"," 87.1"," 1.00","  74.73","  9.29","Above"
"210_16S","210_16S","MP_210_16S","209_Z","  3904","5","2022-06-29","Blue","38.05095","-119.2703","North","Zooplankton","Calanoid"," 50","copepoda","3005","18.5","0.55","7.93","73.1","115.1"," 93.6"," 1.10",NA,NA,"Above"
"211_16S","211_16S","MP_211_16S","136_Z","  4970","4","2022-08-04","Virginia","38.04698","-119.2651","North","Zooplankton","Cyclopoid"," 50","copepoda","2983","17.7","0.34","8.61","77.4","102.1"," 87.8","66.60","3228.98","  4.02","Above"
"212_16S","212_16S","MP_212_16S","181_Z"," 26990","4","2022-08-04","Eastern Brook","37.43153","-118.7426","South","Zooplankton","Cyclopoid"," 50","copepoda","3155","16.0","1.59","7.70","67.2"," 23.0"," 19.0"," 3.10"," 259.99","  6.81","Above"
"213_16S","213_16S","MP_213_16S","154_Z","  7546","4","2022-08-04","Convict","37.59009","-118.8574","South","Zooplankton","Daphnia"," 30","cladocera","2315","18.4","0.81","8.48","78.9","178.5","156.0","51.90",NA,"  4.02","Below"
"214_16S","214_16S","MP_214_16S","137_Z","  2241","4","2022-08-04","Virginia","38.04698","-119.2651","North","Zooplankton","Calanoid"," 50","copepoda","2983","17.7","0.34","8.61","77.4","102.1"," 87.8","66.60","3228.98","  4.02","Above"
"216_16S","216_16S","MP_216_16S","203_Z"," 18009","5","2022-08-22","Cooney","38.04806","-119.2770","North","Zooplankton","Cyclopoid"," 50","copepoda","3116","17.9","0.00","8.07","69.8","177.3","139.8","31.30",NA,NA,"Above"
"218_16S","218_16S","MP_218_16S","194_Z","  1034","4","2022-08-04","Serene","37.43839","-118.7444","South","Zooplankton","Holopedium"," 10","cladocera","3124","16.9","1.55","7.94","69.2"," 20.1"," 17.0"," 3.00"," 188.74","  6.19","Above"
"219_16S","219_16S","MP_219_16S","166_Z"," 57595","4","2022-08-04","Cooney","38.04806","-119.2770","North","Zooplankton","Daphnia"," 30","cladocera","3116","16.2","0.87","7.77","74.5","126.8","105.5","99.20","5982.29","  7.43","Above"
"22_16S","22_16S","MP_22_16S","46_Z22","  2491","1","2022-06-29","Virginia","38.04698","-119.2651","North","Zooplankton","Cyclopoid"," 50","copepoda","2983","14.5","0.67","7.88","76.0"," 90.3"," 72.2"," 0.80"," 165.18","  4.95","Above"
"220_16S","220_16S","MP_220_16S","205_Z","  8043","5","2022-08-22","Cooney","38.04806","-119.2770","North","Zooplankton","Cyclopoid"," 50","copepoda","3116","17.9","0.00","8.07","69.8","177.3","139.8","31.30",NA,NA,"Above"
"221_16S","221_16S","MP_221_16S","145_Z","  3586","4","2022-06-29","Blue","38.05095","-119.2703","North","Zooplankton","Calanoid"," 50","copepoda","3005","16.3","0.02","7.99","75.6","110.7"," 92.3"," 1.90"," 100.86","  3.41","Above"
"222_16S","222_16S","MP_222_16S","164_Z","  3553","4","2022-08-04","Cooney","38.04806","-119.2770","North","Zooplankton","Daphnia"," 30","cladocera","3116","16.2","0.87","7.77","74.5","126.8","105.5","99.20","5982.29","  7.43","Above"
"223_16S","223_16S","MP_223_16S","216_Z","  1270","5","2022-08-22","Virginia","38.04698","-119.2651","North","Zooplankton","Daphnia"," 30","cladocera","2983","19.5","0.83","8.48","75.6","105.4"," 87.9"," 7.75",NA,NA,"Above"
"224_16S","224_16S","MP_224_16S","160_Z","   591","4","2022-08-04","Convict","37.59009","-118.8574","South","Zooplankton","Cyclopoid"," 50","copepoda","2315","18.4","0.81","8.48","78.9","178.5","156.0","51.90",NA,"  4.02","Below"
"225_16S","225_16S","MP_225_16S","178_Z"," 11630","4","2022-08-04","Eastern Brook","37.43153","-118.7426","South","Zooplankton","Cyclopoid"," 50","copepoda","3155","16.0","1.59","7.70","67.2"," 23.0"," 19.0"," 3.10"," 259.99","  6.81","Above"
"226_16S","226_16S","MP_226_16S","144_Z","  1692","4","2022-06-29","Blue","38.05095","-119.2703","North","Zooplankton","Calanoid"," 50","copepoda","3005","16.3","0.02","7.99","75.6","110.7"," 92.3"," 1.90"," 100.86","  3.41","Above"
"227_16S","227_16S","MP_227_16S","219_Z","  3619","5","2022-08-22","Virginia","38.04698","-119.2651","North","Zooplankton","Daphnia"," 30","cladocera","2983","19.5","0.83","8.48","75.6","105.4"," 87.9"," 7.75",NA,NA,"Above"
"228_16S","228_16S","MP_228_16S","170_Z","   691","4","2022-08-04","Cooney","38.04806","-119.2770","North","Zooplankton","Calanoid"," 50","copepoda","3116","16.2","0.87","7.77","74.5","126.8","105.5","99.20","5982.29","  7.43","Above"
"229_16S","229_16S","MP_229_16S","185_Z"," 16371","4","2022-08-04","Serene","37.43839","-118.7444","South","Zooplankton","Calanoid"," 50","copepoda","3124","16.9","1.55","7.94","69.2"," 20.1"," 17.0"," 3.00"," 188.74","  6.19","Above"
"23_16S","23_16S","MP_23_16S","37_Z22","  1793","1","2022-06-29","Virginia","38.04698","-119.2651","North","Zooplankton","Daphnia"," 30","cladocera","2983","14.5","0.67","7.88","76.0"," 90.3"," 72.2"," 0.80"," 165.18","  4.95","Above"
"230_16S","230_16S","MP_230_16S","221_Z","  4019","5","2022-08-22","Virginia","38.04698","-119.2651","North","Zooplankton","Cyclopoid"," 50","copepoda","2983","19.5","0.83","8.48","75.6","105.4"," 87.9"," 7.75",NA,NA,"Above"
"231_16S","231_16S","MP_231_16S","174_Z"," 10846","4","2022-08-04","Eastern Brook","37.43153","-118.7426","South","Zooplankton","Daphnia"," 30","cladocera","3155","16.0","1.59","7.70","67.2"," 23.0"," 19.0"," 3.10"," 259.99","  6.81","Above"
"232_16S","232_16S","MP_232_16S","201_Z","  3165","5","2022-08-22","Cooney","38.04806","-119.2770","North","Zooplankton","Daphnia"," 30","cladocera","3116","17.9","0.00","8.07","69.8","177.3","139.8","31.30",NA,NA,"Above"
"233_16S","233_16S","MP_233_16S","148_Z","  9796","4","2022-06-29","Blue","38.05095","-119.2703","North","Zooplankton","Cyclopoid"," 50","copepoda","3005","16.3","0.02","7.99","75.6","110.7"," 92.3"," 1.90"," 100.86","  3.41","Above"
"234_16S","234_16S","MP_234_16S","215_Z","   664","5","2022-08-22","Virginia","38.04698","-119.2651","North","Zooplankton","Daphnia"," 30","cladocera","2983","19.5","0.83","8.48","75.6","105.4"," 87.9"," 7.75",NA,NA,"Above"
"235_16S","235_16S","MP_235_16S","133_Z","  1401","4","2022-08-04","Virginia","38.04698","-119.2651","North","Zooplankton","Cyclopoid"," 50","copepoda","2983","17.7","0.34","8.61","77.4","102.1"," 87.8","66.60","3228.98","  4.02","Above"
"237_16S","237_16S","MP_237_16S","217_Z","   651","5","2022-08-22","Virginia","38.04698","-119.2651","North","Zooplankton","Daphnia"," 30","cladocera","2983","19.5","0.83","8.48","75.6","105.4"," 87.9"," 7.75",NA,NA,"Above"
"238_16S","238_16S","MP_238_16S","158_Z","  1157","4","2022-08-04","Convict","37.59009","-118.8574","South","Zooplankton","Cyclopoid"," 50","copepoda","2315","18.4","0.81","8.48","78.9","178.5","156.0","51.90",NA,"  4.02","Below"
"239_16S","239_16S","MP_239_16S","207_Z","  1044","5","2022-06-29","Blue","38.05095","-119.2703","North","Zooplankton","Calanoid"," 50","copepoda","3005","18.5","0.55","7.93","73.1","115.1"," 93.6"," 1.10",NA,NA,"Above"
"24_16S","24_16S","MP_24_16S","55_Z"," 50754","2","2022-07-09","Cooney","38.04806","-119.2770","North","Zooplankton","Calanoid"," 50","copepoda","3116","14.3","0.30","6.94","77.5","109.6"," 87.1"," 1.00","  74.73","  9.29","Above"
"240_16S","240_16S","MP_240_16S","188_Z"," 26460","4","2022-08-04","Serene","37.43839","-118.7444","South","Zooplankton","Daphnia"," 30","cladocera","3124","16.9","1.55","7.94","69.2"," 20.1"," 17.0"," 3.00"," 188.74","  6.19","Above"
"242_16S","242_16S","MP_242_16S","155_Z","  1382","4","2022-08-04","Convict","37.59009","-118.8574","South","Zooplankton","Daphnia"," 30","cladocera","2315","18.4","0.81","8.48","78.9","178.5","156.0","51.90",NA,"  4.02","Below"
"244_16S","244_16S","MP_244_16S","167_Z"," 11742","4","2022-08-04","Convict","37.59009","-118.8574","South","Zooplankton","Daphnia"," 30","cladocera","2315","18.4","0.81","8.48","78.9","178.5","156.0","51.90",NA,"  4.02","Below"
"246_16S","246_16S","MP_246_16S","147_Z","  6287","4","2022-06-29","Blue","38.05095","-119.2703","North","Zooplankton","Calanoid"," 50","copepoda","3005","16.3","0.02","7.99","75.6","110.7"," 92.3"," 1.90"," 100.86","  3.41","Above"
"247_16S","247_16S","MP_247_16S","218_Z","  2350","5","2022-08-22","Virginia","38.04698","-119.2651","North","Zooplankton","Daphnia"," 30","cladocera","2983","19.5","0.83","8.48","75.6","105.4"," 87.9"," 7.75",NA,NA,"Above"
"248_16S","248_16S","MP_248_16S","195_Z","  1263","4","2022-08-04","Serene","37.43839","-118.7444","South","Zooplankton","Holopedium"," 10","cladocera","3124","16.9","1.55","7.94","69.2"," 20.1"," 17.0"," 3.00"," 188.74","  6.19","Above"
"249_16S","249_16S","MP_249_16S","161_Z","  2367","4","2022-08-04","Convict","37.59009","-118.8574","South","Zooplankton","Cyclopoid"," 50","copepoda","2315","18.4","0.81","8.48","78.9","178.5","156.0","51.90",NA,"  4.02","Below"
"25_16S","25_16S","MP_25_16S","16_Z","  2897","2","2022-07-09","Serene","37.43839","-118.7444","South","Zooplankton","Calanoid"," 50","copepoda","3124","16.8","1.39","8.65","70.0"," 17.8"," 15.0"," 3.00"," 697.03",NA,"Above"
"250_16S","250_16S","MP_250_16S","198_Z","  2545","5","2022-08-22","Cooney","38.04806","-119.2770","North","Zooplankton","Daphnia"," 30","cladocera","3116","17.9","0.00","8.07","69.8","177.3","139.8","31.30",NA,NA,"Above"
"251_16S","251_16S","MP_251_16S","180_Z","  8127","4","2022-08-04","Eastern Brook","37.43153","-118.7426","South","Zooplankton","Cyclopoid"," 50","copepoda","3155","16.0","1.59","7.70","67.2"," 23.0"," 19.0"," 3.10"," 259.99","  6.81","Above"
"252_16S","252_16S","MP_252_16S","146_Z"," 13840","4","2022-06-29","Blue","38.05095","-119.2703","North","Zooplankton","Calanoid"," 50","copepoda","3005","16.3","0.02","7.99","75.6","110.7"," 92.3"," 1.90"," 100.86","  3.41","Above"
"253_16S","253_16S","MP_253_16S","187_Z"," 17284","4","2022-08-04","Serene","37.43839","-118.7444","South","Zooplankton","Calanoid"," 50","copepoda","3124","16.9","1.55","7.94","69.2"," 20.1"," 17.0"," 3.00"," 188.74","  6.19","Above"
"254_16S","254_16S","MP_254_16S","140_Z","  7137","4","2022-06-29","Blue","38.05095","-119.2703","North","Zooplankton","Daphnia"," 30","cladocera","3005","16.3","0.02","7.99","75.6","110.7"," 92.3"," 1.90"," 100.86","  3.41","Above"
"255_16S","255_16S","MP_255_16S","202_Z"," 11413","5","2022-08-22","Cooney","38.04806","-119.2770","North","Zooplankton","Cyclopoid"," 50","copepoda","3116","17.9","0.00","8.07","69.8","177.3","139.8","31.30",NA,NA,"Above"
"256_16S","256_16S","MP_256_16S","151_Z","  6396","4","2022-06-29","Blue","38.05095","-119.2703","North","Zooplankton","Cyclopoid"," 35","copepoda","3005","16.3","0.02","7.99","75.6","110.7"," 92.3"," 1.90"," 100.86","  3.41","Above"
"257_16S","257_16S","MP_257_16S","204_Z","  5150","5","2022-08-22","Cooney","38.04806","-119.2770","North","Zooplankton","Cyclopoid"," 50","copepoda","3116","17.9","0.00","8.07","69.8","177.3","139.8","31.30",NA,NA,"Above"
"258_16S","258_16S","MP_258_16S","165_Z","  5954","4","2022-08-04","Cooney","38.04806","-119.2770","North","Zooplankton","Daphnia"," 30","cladocera","3116","16.2","0.87","7.77","74.5","126.8","105.5","99.20","5982.29","  7.43","Above"
"259_16S","259_16S","MP_259_16S","191_Z","  4636","4","2022-08-04","Serene","37.43839","-118.7444","South","Zooplankton","Daphnia"," 30","cladocera","3124","16.9","1.55","7.94","69.2"," 20.1"," 17.0"," 3.00"," 188.74","  6.19","Above"
"26_16S","26_16S","MP_26_16S","44_Z"," 55885","2","2022-07-09","Cooney","38.04806","-119.2770","North","Zooplankton","Calanoid"," 50","copepoda","3116","14.3","0.30","6.94","77.5","109.6"," 87.1"," 1.00","  74.73","  9.29","Above"
"261_16S","261_16S","MP_261_16S","177_Z","  3546","4","2022-08-04","Eastern Brook","37.43153","-118.7426","South","Zooplankton","Daphnia"," 30","cladocera","3155","16.0","1.59","7.70","67.2"," 23.0"," 19.0"," 3.10"," 259.99","  6.81","Above"
"262_16S","262_16S","MP_262_16S","131_Z","  3659","4","2022-08-04","Virginia","38.04698","-119.2651","North","Zooplankton","Daphnia"," 30","cladocera","2983","17.7","0.34","8.61","77.4","102.1"," 87.8","66.60","3228.98","  4.02","Above"
"263_16S","263_16S","MP_263_16S","182_Z","  5483","4","2022-08-04","Eastern Brook","37.43153","-118.7426","South","Zooplankton","Calanoid"," 50","copepoda","3155","16.0","1.59","7.70","67.2"," 23.0"," 19.0"," 3.10"," 259.99","  6.81","Above"
"264_16S","264_16S","MP_264_16S","211_Z","  5385","5","2022-06-29","Blue","38.05095","-119.2703","North","Zooplankton","Daphnia"," 30","cladocera","3005","18.5","0.55","7.93","73.1","115.1"," 93.6"," 1.10",NA,NA,"Above"
"265_16S","265_16S","MP_265_16S","169_Z","   571","4","2022-08-04","Cooney","38.04806","-119.2770","North","Zooplankton","Calanoid"," 50","copepoda","3116","16.2","0.87","7.77","74.5","126.8","105.5","99.20","5982.29","  7.43","Above"
"266_16S","266_16S","MP_266_16S","213_Z","  1518","5","2022-06-29","Blue","38.05095","-119.2703","North","Zooplankton","Daphnia"," 30","cladocera","3005","18.5","0.55","7.93","73.1","115.1"," 93.6"," 1.10",NA,NA,"Above"
"267_16S","267_16S","MP_267_16S","149_Z","  4091","4","2022-06-29","Blue","38.05095","-119.2703","North","Zooplankton","Cyclopoid"," 50","copepoda","3005","16.3","0.02","7.99","75.6","110.7"," 92.3"," 1.90"," 100.86","  3.41","Above"
"268_16S","268_16S","MP_268_16S","220_Z","  3829","5","2022-08-22","Virginia","38.04698","-119.2651","North","Zooplankton","Cyclopoid"," 50","copepoda","2983","19.5","0.83","8.48","75.6","105.4"," 87.9"," 7.75",NA,NA,"Above"
"269_16S","269_16S","MP_269_16S","189_Z","  2929","4","2022-08-04","Serene","37.43839","-118.7444","South","Zooplankton","Daphnia"," 30","cladocera","3124","16.9","1.55","7.94","69.2"," 20.1"," 17.0"," 3.00"," 188.74","  6.19","Above"
"27_16S","27_16S","MP_27_16S","64_Z","  1216","3","2022-06-29","Blue","38.05095","-119.2703","North","Zooplankton","Cyclopoid"," 50","copepoda","3005","17.0","0.22","8.48","81.3","100.2"," 84.9"," 0.90","  79.48","  6.19","Above"
"270_16S","270_16S","MP_270_16S","156_Z","  2321","4","2022-08-04","Convict","37.59009","-118.8574","South","Zooplankton","Daphnia"," 30","cladocera","2315","18.4","0.81","8.48","78.9","178.5","156.0","51.90",NA,"  4.02","Below"
"271_16S","271_16S","MP_271_16S","206_Z","  2399","5","2022-06-29","Blue","38.05095","-119.2703","North","Zooplankton","Calanoid"," 50","copepoda","3005","18.5","0.55","7.93","73.1","115.1"," 93.6"," 1.10",NA,NA,"Above"
"272_16S","272_16S","MP_272_16S","132_Z","  2112","4","2022-08-04","Virginia","38.04698","-119.2651","North","Zooplankton","Daphnia"," 30","cladocera","2983","17.7","0.34","8.61","77.4","102.1"," 87.8","66.60","3228.98","  4.02","Above"
"273_16S","273_16S","MP_273_16S","139_Z","   876","4","2022-08-04","Virginia","38.04698","-119.2651","North","Zooplankton","Calanoid"," 50","copepoda","2983","17.7","0.34","8.61","77.4","102.1"," 87.8","66.60","3228.98","  4.02","Above"
"274_16S","274_16S","MP_274_16S","199_Z","  2348","5","2022-08-22","Cooney","38.04806","-119.2770","North","Zooplankton","Daphnia"," 30","cladocera","3116","17.9","0.00","8.07","69.8","177.3","139.8","31.30",NA,NA,"Above"
"275_16S","275_16S","MP_275_16S","159_Z","   752","4","2022-08-04","Convict","37.59009","-118.8574","South","Zooplankton","Cyclopoid"," 50","copepoda","2315","18.4","0.81","8.48","78.9","178.5","156.0","51.90",NA,"  4.02","Below"
"276_16S","276_16S","MP_276_16S","208_Z","  2442","5","2022-06-29","Blue","38.05095","-119.2703","North","Zooplankton","Calanoid"," 50","copepoda","3005","18.5","0.55","7.93","73.1","115.1"," 93.6"," 1.10",NA,NA,"Above"
"277_16S","277_16S","MP_277_16S","200_Z","  2366","5","2022-08-22","Cooney","38.04806","-119.2770","North","Zooplankton","Daphnia"," 30","cladocera","3116","17.9","0.00","8.07","69.8","177.3","139.8","31.30",NA,NA,"Above"
"278_16S","278_16S","MP_278_16S","214_Z","  1577","5","2022-06-29","Blue","38.05095","-119.2703","North","Zooplankton","Daphnia"," 30","cladocera","3005","18.5","0.55","7.93","73.1","115.1"," 93.6"," 1.10",NA,NA,"Above"
"279_16S","279_16S","MP_279_16S","171_Z","  2298","4","2022-08-04","Cooney","38.04806","-119.2770","North","Zooplankton","Calanoid"," 50","copepoda","3116","16.2","0.87","7.77","74.5","126.8","105.5","99.20","5982.29","  7.43","Above"
"28_16S","28_16S","MP_28_16S","26_Z22","   537","1","2022-06-29","Cooney","38.04806","-119.2770","North","Zooplankton","Cyclopoid"," 48","copepoda","3116","12.6","0.45","7.96","80.5","106.9"," 81.7"," 0.70"," 269.97"," 57.28","Above"
"280_16S","280_16S","MP_280_16S","210_Z"," 17290","5","2022-06-29","Blue","38.05095","-119.2703","North","Zooplankton","Cyclopoid"," 50","copepoda","3005","18.5","0.55","7.93","73.1","115.1"," 93.6"," 1.10",NA,NA,"Above"
"281_16S","281_16S","MP_281_16S","157_Z","  7789","4","2022-08-04","Convict","37.59009","-118.8574","South","Zooplankton","Daphnia"," 30","cladocera","2315","18.4","0.81","8.48","78.9","178.5","156.0","51.90",NA,"  4.02","Below"
"282_16S","282_16S","MP_282_16S","212_Z","  3611","5","2022-06-29","Blue","38.05095","-119.2703","North","Zooplankton","Daphnia"," 30","cladocera","3005","18.5","0.55","7.93","73.1","115.1"," 93.6"," 1.10",NA,NA,"Above"
"283_16S","283_16S","MP_283_16S","179_Z","  9776","4","2022-08-04","Eastern Brook","37.43153","-118.7426","South","Zooplankton","Cyclopoid"," 50","copepoda","3155","16.0","1.59","7.70","67.2"," 23.0"," 19.0"," 3.10"," 259.99","  6.81","Above"
"284_16S","284_16S","MP_284_16S","196_Z","  7663","4","2022-08-04","Serene","37.43839","-118.7444","South","Zooplankton","Holopedium"," 10","cladocera","3124","16.9","1.55","7.94","69.2"," 20.1"," 17.0"," 3.00"," 188.74","  6.19","Above"
"285_16S","285_16S","MP_285_16S","163_Z","  2453","4","2022-08-04","Convict","37.59009","-118.8574","South","Zooplankton","Calanoid"," 50","copepoda","2315","18.4","0.81","8.48","78.9","178.5","156.0","51.90",NA,"  4.02","Below"
"287_16S","287_16S","MP_287_16S","141_Z"," 12673","4","2022-06-29","Blue","38.05095","-119.2703","North","Zooplankton","Daphnia"," 30","cladocera","3005","16.3","0.02","7.99","75.6","110.7"," 92.3"," 1.90"," 100.86","  3.41","Above"
"288_16S","288_16S","MP_288_16S","183_Z","  8949","4","2022-08-04","Eastern Brook","37.43153","-118.7426","South","Zooplankton","Calanoid"," 50","copepoda","3155","16.0","1.59","7.70","67.2"," 23.0"," 19.0"," 3.10"," 259.99","  6.81","Above"
"289_16S","289_16S","MP_289_16S","27_Z","   692","2","2022-07-09","Convict","37.59009","-118.8574","South","Zooplankton","Calanoid"," 50","copepoda","2315","15.3","0.28","7.14","84.5","163.2","137.2"," 1.10",NA,"  4.33","Below"
"290_16S","290_16S","MP_290_16S","39_W"," 69831","4","2022-08-04","Serene","37.43839","-118.7444","South","Water","Water",NA,"water","3124","16.9","1.55","7.94","69.2"," 20.1"," 17.0"," 3.00"," 188.74","  6.19","Above"
"292_16S","292_16S","MP_292_16S","38_W","150757","4","2022-08-04","Eastern Brook","37.43153","-118.7426","South","Water","Water",NA,"water","3155","16.0","1.59","7.70","67.2"," 23.0"," 19.0"," 3.10"," 259.99","  6.81","Above"
"295_16S","295_16S","MP_295_16S","121_Z","   725","3","2022-07-21","Serene","37.43839","-118.7444","South","Zooplankton","Holopedium"," 10","cladocera","3124","19.7","1.12","8.36","71.9"," 18.5"," 16.6"," 3.10"," 302.75"," 48.61","Above"
"296_16S","296_16S","MP_296_16S","32_W","130207","3","2022-07-21","Eastern Brook","37.43153","-118.7426","South","Water","Water",NA,"water","3155","18.9","1.05","8.56","74.2"," 21.0"," 18.5"," 3.45"," 202.99","101.86","Above"
"297_16S","297_16S","MP_297_16S","239_Z","  1949","5","2022-08-22","Serene","37.43839","-118.7444","South","Zooplankton","Calanoid"," 50","copepoda","3124","18.8","1.98","7.90","67.8"," 20.8"," 16.5"," 3.00",NA,NA,"Above"
"298_16S","298_16S","MP_298_16S","9_W","293574","1","2022-06-29","Cooney","38.04806","-119.2770","North","Water","Water",NA,"water","3116","12.6","0.45","7.96","80.5","106.9"," 81.7"," 0.70"," 269.97"," 57.28","Above"
"299_16S","299_16S","MP_299_16S","225_Z","  1033","5","2022-08-22","Eastern Brook","37.43153","-118.7426","South","Zooplankton","Daphnia"," 30","cladocera","3155","18.1","1.38","8.11","64.8"," 27.5"," 21.0"," 3.20",NA,NA,"Above"
"300_16S","300_16S","MP_300_16S","27_W","183623","2","2022-07-09","Serene","37.43839","-118.7444","South","Water","Water",NA,"water","3124","16.8","1.39","8.65","70.0"," 17.8"," 15.0"," 3.00"," 697.03",NA,"Above"
"302_16S","302_16S","MP_302_16S","52_W","131836","1","2022-06-29","Serene","37.43839","-118.7444","South","Water","Water",NA,"water","3124","14.4","1.31","6.96","69.5"," 17.6"," 14.0"," 2.70"," 211.83"," 10.84","Above"
"303_16S","303_16S","MP_303_16S","228_Z","  1065","5","2022-08-22","Eastern Brook","37.43153","-118.7426","South","Zooplankton","Cyclopoid"," 50","copepoda","3155","18.1","1.38","8.11","64.8"," 27.5"," 21.0"," 3.20",NA,NA,"Above"
"305_16S","305_16S","MP_305_16S","234_Z","  4752","5","2022-08-22","Serene","37.43839","-118.7444","South","Zooplankton","Daphnia"," 30","cladocera","3124","18.8","1.98","7.90","67.8"," 20.8"," 16.5"," 3.00",NA,NA,"Above"
"306_16S","306_16S","MP_306_16S","256_Z","  5661","5","2022-08-22","Convict","37.59009","-118.8574","South","Zooplankton","Cyclopoid"," 50","copepoda","2315","20.9","0.39","8.03","73.1","172.3","139.8"," 2.00",NA,NA,"Below"
"307_16S","307_16S","MP_307_16S","251_Z","  3465","5","2022-08-22","Convict","37.59009","-118.8574","South","Zooplankton","Calanoid"," 50","copepoda","2315","20.9","0.39","8.03","73.1","172.3","139.8"," 2.00",NA,NA,"Below"
"308_16S","308_16S","MP_308_16S","50_W","119346","1","2022-06-29","Convict","37.59009","-118.8574","South","Water","Water",NA,"water","2315","13.8","0.26","5.87","81.6","166.0","130.3"," 0.60",NA,NA,"Below"
"309_16S","309_16S","MP_309_16S","246_Z","  6126","5","2022-08-22","Convict","37.59009","-118.8574","South","Zooplankton","Daphnia"," 30","cladocera","2315","20.9","0.39","8.03","73.1","172.3","139.8"," 2.00",NA,NA,"Below"
"31_16S","31_16S","MP_31_16S","29_Z","   500","2","2022-07-09","Virginia","38.04698","-119.2651","North","Zooplankton","Cyclopoid"," 50","copepoda","2983","16.1","0.58","7.32","80.5"," 91.6"," 76.1"," 1.10"," 872.79",NA,"Above"
"310_16S","310_16S","MP_310_16S","227_Z","  1477","5","2022-08-22","Eastern Brook","37.43153","-118.7426","South","Zooplankton","Daphnia"," 30","cladocera","3155","18.1","1.38","8.11","64.8"," 27.5"," 21.0"," 3.20",NA,NA,"Above"
"312_16S","312_16S","MP_312_16S","51_W","127415","1","2022-06-29","Eastern Brook","37.43153","-118.7426","South","Water","Water",NA,"water","3155","13.1","0.40","6.90","67.3"," 20.0"," 15.5"," 3.10"," 217.44"," 32.97","Above"
"313_16S","313_16S","MP_313_16S","37_W"," 44240","4","2022-08-04","Convict","37.59009","-118.8574","South","Water","Water",NA,"water","2315","18.4","0.81","8.48","78.9","178.5","156.0","51.90",NA,"  4.02","Below"
"314_16S","314_16S","MP_314_16S","231_Z","  1207","5","2022-08-22","Eastern Brook","37.43153","-118.7426","South","Zooplankton","Cyclopoid"," 50","copepoda","3155","18.1","1.38","8.11","64.8"," 27.5"," 21.0"," 3.20",NA,NA,"Above"
"315_16S","315_16S","MP_315_16S","33_W"," 27316","3","2022-07-21","Serene","37.43839","-118.7444","South","Water","Water",NA,"water","3124","19.7","1.12","8.36","71.9"," 18.5"," 16.6"," 3.10"," 302.75"," 48.61","Above"
"316_16S","316_16S","MP_316_16S","223_Z","  4242","5","2022-08-22","Virginia","38.04698","-119.2651","North","Zooplankton","Cyclopoid"," 50","copepoda","2983","19.5","0.83","8.48","75.6","105.4"," 87.9"," 7.75",NA,NA,"Above"
"317_16S","317_16S","MP_317_16S","8_W"," 93020","1","2022-06-29","Virginia","38.04698","-119.2651","North","Water","Water",NA,"water","2983","14.5","0.67","7.88","76.0"," 90.3"," 72.2"," 0.80"," 165.18","  4.95","Above"
"318_16S","318_16S","MP_318_16S","229_Z","  1819","5","2022-08-22","Eastern Brook","37.43153","-118.7426","South","Zooplankton","Cyclopoid"," 50","copepoda","3155","18.1","1.38","8.11","64.8"," 27.5"," 21.0"," 3.20",NA,NA,"Above"
"319_16S","319_16S","MP_319_16S","254_Z","  7948","5","2022-08-22","Convict","37.59009","-118.8574","South","Zooplankton","Cyclopoid"," 50","copepoda","2315","20.9","0.39","8.03","73.1","172.3","139.8"," 2.00",NA,NA,"Below"
"32_16S","32_16S","MP_32_16S","92_Z","  3473","3","2022-07-21","Cooney","38.04806","-119.2770","North","Zooplankton","Cyclopoid"," 50","copepoda","3116","16.7","0.43","8.61","76.8","112.9"," 95.0"," 1.00","  84.23","369.04","Above"
"320_16S","320_16S","MP_320_16S","245_Z","  3369","5","2022-08-22","Serene","37.43839","-118.7444","South","Zooplankton","Holopedium"," 10","cladocera","3124","18.8","1.98","7.90","67.8"," 20.8"," 16.5"," 3.00",NA,NA,"Above"
"322_16S","322_16S","MP_322_16S","25_W","160780","2","2022-07-09","Convict","37.59009","-118.8574","South","Water","Water",NA,"water","2315","15.3","0.28","7.14","84.5","163.2","137.2"," 1.10",NA,"  4.33","Below"
"324_16S","324_16S","MP_324_16S","226_Z","  2189","5","2022-08-22","Eastern Brook","37.43153","-118.7426","South","Zooplankton","Daphnia"," 30","cladocera","3155","18.1","1.38","8.11","64.8"," 27.5"," 21.0"," 3.20",NA,NA,"Above"
"325_16S","325_16S","MP_325_16S","253_Z","  1474","5","2022-08-22","Convict","37.59009","-118.8574","South","Zooplankton","Calanoid"," 50","copepoda","2315","20.9","0.39","8.03","73.1","172.3","139.8"," 2.00",NA,NA,"Below"
"327_16S","327_16S","MP_327_16S","26_W","121501","2","2022-07-09","Eastern Brook","37.43153","-118.7426","South","Water","Water",NA,"water","3155","16.0","0.93","8.60","73.8"," 20.6"," 17.0"," 3.40"," 409.63"," 13.62","Above"
"328_16S","328_16S","MP_328_16S","30_W","147270","2","2022-07-09","Virginia","38.04698","-119.2651","North","Water","Water",NA,"water","2983","16.1","0.58","7.32","80.5"," 91.6"," 76.1"," 1.10"," 872.79",NA,"Above"
"329_16S","329_16S","MP_329_16S","257_Z","  2511","5","2022-08-22","Convict","37.59009","-118.8574","South","Zooplankton","Cyclopoid"," 50","copepoda","2315","20.9","0.39","8.03","73.1","172.3","139.8"," 2.00",NA,NA,"Below"
"330_16S","330_16S","MP_330_16S","43_W"," 14961","5","2022-08-22","Convict","37.59009","-118.8574","South","Water","Water",NA,"water","2315","20.9","0.39","8.03","73.1","172.3","139.8"," 2.00",NA,NA,"Below"
"331_16S","331_16S","MP_331_16S","237_Z","  6912","5","2022-08-22","Serene","37.43839","-118.7444","South","Zooplankton","Calanoid"," 50","copepoda","3124","18.8","1.98","7.90","67.8"," 20.8"," 16.5"," 3.00",NA,NA,"Above"
"332_16S","332_16S","MP_332_16S","28_W"," 66096","2","2022-07-09","Cooney","38.04806","-119.2770","North","Water","Water",NA,"water","3116","14.3","0.30","6.94","77.5","109.6"," 87.1"," 1.00","  74.73","  9.29","Above"
"333_16S","333_16S","MP_333_16S","238_Z","  5224","5","2022-08-22","Serene","37.43839","-118.7444","South","Zooplankton","Calanoid"," 50","copepoda","3124","18.8","1.98","7.90","67.8"," 20.8"," 16.5"," 3.00",NA,NA,"Above"
"334_16S","334_16S","MP_334_16S","143_Z"," 14732","4","2022-06-29","Blue","38.05095","-119.2703","North","Zooplankton","Daphnia"," 30","cladocera","3005","16.3","0.02","7.99","75.6","110.7"," 92.3"," 1.90"," 100.86","  3.41","Above"
"336_16S","336_16S","MP_336_16S","35_W","199281","3","2022-06-29","Blue","38.05095","-119.2703","North","Water","Water",NA,"water","3005","17.0","0.22","8.48","81.3","100.2"," 84.9"," 0.90","  79.48","  6.19","Above"
"337_16S","337_16S","MP_337_16S","53_W","140916","1","2022-06-29","Blue","38.05095","-119.2703","North","Water","Water",NA,"water","3005","12.8","0.34","7.97","73.8"," 97.5"," 74.7"," 0.80"," 137.16"," 22.60","Above"
"338_16S","338_16S","MP_338_16S","255_Z","  4312","5","2022-08-22","Convict","37.59009","-118.8574","South","Zooplankton","Cyclopoid"," 50","copepoda","2315","20.9","0.39","8.03","73.1","172.3","139.8"," 2.00",NA,NA,"Below"
"339_16S","339_16S","MP_339_16S","249_Z","  1574","5","2022-08-22","Convict","37.59009","-118.8574","South","Zooplankton","Daphnia"," 30","cladocera","2315","20.9","0.39","8.03","73.1","172.3","139.8"," 2.00",NA,NA,"Below"
"34_16S","34_16S","MP_34_16S","28_Z22","  1018","1","2022-06-29","Cooney","38.04806","-119.2770","North","Zooplankton","Daphnia"," 30","cladocera","3116","12.6","0.45","7.96","80.5","106.9"," 81.7"," 0.70"," 269.97"," 57.28","Above"
"340_16S","340_16S","MP_340_16S","236_Z","  3317","5","2022-08-22","Serene","37.43839","-118.7444","South","Zooplankton","Calanoid"," 50","copepoda","3124","18.8","1.98","7.90","67.8"," 20.8"," 16.5"," 3.00",NA,NA,"Above"
"341_16S","341_16S","MP_341_16S","29_W","205099","2","2022-06-29","Blue","38.05095","-119.2703","North","Water","Water",NA,"water","3005","14.8","0.42","7.04","82.1"," 98.7"," 79.4"," 0.90"," 264.74","149.54","Above"
"342_16S","342_16S","MP_342_16S","47_Z"," 19008","5","2022-06-29","Blue","38.05095","-119.2703","North","Zooplankton","Daphnia"," 30","cladocera","3005","18.5","0.55","7.93","73.1","115.1"," 93.6"," 1.10",NA,NA,"Above"
"343_16S","343_16S","MP_343_16S","222_Z"," 12002","5","2022-08-22","Virginia","38.04698","-119.2651","North","Zooplankton","Cyclopoid"," 50","copepoda","2983","19.5","0.83","8.48","75.6","105.4"," 87.9"," 7.75",NA,NA,"Above"
"344_16S","344_16S","MP_344_16S","42_W","225066","4","2022-08-04","Virginia","38.04698","-119.2651","North","Water","Water",NA,"water","2983","17.7","0.34","8.61","77.4","102.1"," 87.8","66.60","3228.98","  4.02","Above"
"345_16S","345_16S","MP_345_16S","233_Z","   977","5","2022-08-22","Serene","37.43839","-118.7444","South","Zooplankton","Daphnia"," 30","cladocera","3124","18.8","1.98","7.90","67.8"," 20.8"," 16.5"," 3.00",NA,NA,"Above"
"346_16S","346_16S","MP_346_16S","31_W"," 85808","3","2022-07-21","Convict","37.59009","-118.8574","South","Water","Water",NA,"water","2315","18.2","0.20","8.34","76.7","164.8","143.5"," 0.80"," 103.23","204.95","Below"
"347_16S","347_16S","MP_347_16S","34_W"," 35579","3","2022-07-21","Cooney","38.04806","-119.2770","North","Water","Water",NA,"water","3116","16.7","0.43","8.61","76.8","112.9"," 95.0"," 1.00","  84.23","369.04","Above"
"348_16S","348_16S","MP_348_16S","23_Z22","  1762","1","2022-06-29","Eastern Brook","37.43153","-118.7426","South","Zooplankton","Cyclopoid"," 50","copepoda","3155","13.1","0.40","6.90","67.3"," 20.0"," 15.5"," 3.10"," 217.44"," 32.97","Above"
"35_16S","35_16S","MP_35_16S","42_Z22","  1110","1","2022-06-29","Virginia","38.04698","-119.2651","North","Zooplankton","Daphnia","100","cladocera","2983","14.5","0.67","7.88","76.0"," 90.3"," 72.2"," 0.80"," 165.18","  4.95","Above"
"350_16S","350_16S","MP_350_16S","44_W"," 42798","5","2022-08-22","Eastern Brook","37.43153","-118.7426","South","Water","Water",NA,"water","3155","18.1","1.38","8.11","64.8"," 27.5"," 21.0"," 3.20",NA,NA,"Above"
"353_16S","353_16S","MP_353_16S","36_W"," 21417","3","2022-07-21","Virginia","38.04698","-119.2651","North","Water","Water",NA,"water","2983","18.7","0.35","8.48","81.4"," 93.0"," 81.9"," 1.10"," 217.24","  7.74","Above"
"354_16S","354_16S","MP_354_16S","250_Z","   687","5","2022-08-22","Convict","37.59009","-118.8574","South","Zooplankton","Calanoid"," 50","copepoda","2315","20.9","0.39","8.03","73.1","172.3","139.8"," 2.00",NA,NA,"Below"
"355_16S","355_16S","MP_355_16S","40_W"," 13334","4","2022-08-04","Cooney","38.04806","-119.2770","North","Water","Water",NA,"water","3116","16.2","0.87","7.77","74.5","126.8","105.5","99.20","5982.29","  7.43","Above"
"357_16S","357_16S","MP_357_16S","45_W"," 74276","5","2022-08-22","Serene","37.43839","-118.7444","South","Water","Water",NA,"water","3124","18.8","1.98","7.90","67.8"," 20.8"," 16.5"," 3.00",NA,NA,"Above"
"358_16S","358_16S","MP_358_16S","248_Z","  1169","5","2022-08-22","Convict","37.59009","-118.8574","South","Zooplankton","Daphnia"," 30","cladocera","2315","20.9","0.39","8.03","73.1","172.3","139.8"," 2.00",NA,NA,"Below"
"360_16S","360_16S","MP_360_16S","230_Z","  3646","5","2022-08-22","Eastern Brook","37.43153","-118.7426","South","Zooplankton","Cyclopoid"," 50","copepoda","3155","18.1","1.38","8.11","64.8"," 27.5"," 21.0"," 3.20",NA,NA,"Above"
"362_16S","362_16S","MP_362_16S","48_W","135490","5","2022-08-22","Virginia","38.04698","-119.2651","North","Water","Water",NA,"water","2983","19.5","0.83","8.48","75.6","105.4"," 87.9"," 7.75",NA,NA,"Above"
"363_16S","363_16S","MP_363_16S","224_Z","  8937","5","2022-08-22","Eastern Brook","37.43153","-118.7426","South","Zooplankton","Daphnia"," 30","cladocera","3155","18.1","1.38","8.11","64.8"," 27.5"," 21.0"," 3.20",NA,NA,"Above"
"364_16S","364_16S","MP_364_16S","247_Z","  1798","5","2022-08-22","Convict","37.59009","-118.8574","South","Zooplankton","Daphnia"," 30","cladocera","2315","20.9","0.39","8.03","73.1","172.3","139.8"," 2.00",NA,NA,"Below"
"365_16S","365_16S","MP_365_16S","47_W"," 86501","5","2022-06-29","Blue","38.05095","-119.2703","North","Water","Water",NA,"water","3005","18.5","0.55","7.93","73.1","115.1"," 93.6"," 1.10",NA,NA,"Above"
"366_16S","366_16S","MP_366_16S","252_Z","   976","5","2022-08-22","Convict","37.59009","-118.8574","South","Zooplankton","Calanoid"," 50","copepoda","2315","20.9","0.39","8.03","73.1","172.3","139.8"," 2.00",NA,NA,"Below"
"367_16S","367_16S","MP_367_16S","232_Z"," 15708","5","2022-08-22","Serene","37.43839","-118.7444","South","Zooplankton","Daphnia"," 30","cladocera","3124","18.8","1.98","7.90","67.8"," 20.8"," 16.5"," 3.00",NA,NA,"Above"
"37_16S","37_16S","MP_37_16S","7_Z","  2775","2","2022-07-09","Serene","37.43839","-118.7444","South","Zooplankton","Calanoid"," 50","copepoda","3124","16.8","1.39","8.65","70.0"," 17.8"," 15.0"," 3.00"," 697.03",NA,"Above"
"38_16S","38_16S","MP_38_16S","12_Z22","  1996","1","2022-06-29","Eastern Brook","37.43153","-118.7426","South","Zooplankton","Daphnia"," 30","cladocera","3155","13.1","0.40","6.90","67.3"," 20.0"," 15.5"," 3.10"," 217.44"," 32.97","Above"
"39_16S","39_16S","MP_39_16S","32_Z22","  2827","1","2022-06-29","Cooney","38.04806","-119.2770","North","Zooplankton","Daphnia"," 30","cladocera","3116","12.6","0.45","7.96","80.5","106.9"," 81.7"," 0.70"," 269.97"," 57.28","Above"
"40_16S","40_16S","MP_40_16S","51_Z"," 20117","5","2022-06-29","Blue","38.05095","-119.2703","North","Zooplankton","Cyclopoid"," 50","copepoda","3005","18.5","0.55","7.93","73.1","115.1"," 93.6"," 1.10",NA,NA,"Above"
"41_16S","41_16S","MP_41_16S","56_Z22","  3456","1","2022-06-29","Blue","38.05095","-119.2703","North","Zooplankton","Cyclopoid"," 50","copepoda","3005","12.8","0.34","7.97","73.8"," 97.5"," 74.7"," 0.80"," 137.16"," 22.60","Above"
"42_16S","42_16S","MP_42_16S","77_Z","  3543","3","2022-07-21","Convict","37.59009","-118.8574","South","Zooplankton","Calanoid"," 50","copepoda","2315","18.2","0.20","8.34","76.7","164.8","143.5"," 0.80"," 103.23","204.95","Below"
"43_16S","43_16S","MP_43_16S","30_Z","  8872","2","2022-07-09","Virginia","38.04698","-119.2651","North","Zooplankton","Cyclopoid"," 50","copepoda","2983","16.1","0.58","7.32","80.5"," 91.6"," 76.1"," 1.10"," 872.79",NA,"Above"
"44_16S","44_16S","MP_44_16S","38_Z","  3547","2","2022-07-09","Virginia","38.04698","-119.2651","North","Zooplankton","Calanoid"," 50","copepoda","2983","16.1","0.58","7.32","80.5"," 91.6"," 76.1"," 1.10"," 872.79",NA,"Above"
"45_16S","45_16S","MP_45_16S","2_Z22","  1644","1","2022-06-29","Convict","37.59009","-118.8574","South","Zooplankton","Calanoid"," 50","copepoda","2315","13.8","0.26","5.87","81.6","166.0","130.3"," 0.60",NA,NA,"Below"
"46_16S","46_16S","MP_46_16S","75_Z","  1622","3","2022-07-21","Virginia","38.04698","-119.2651","North","Zooplankton","Cyclopoid"," 50","copepoda","2983","18.7","0.35","8.48","81.4"," 93.0"," 81.9"," 1.10"," 217.24","  7.74","Above"
"48_16S","48_16S","MP_48_16S","24_Z22","  2085","1","2022-06-29","Eastern Brook","37.43153","-118.7426","South","Zooplankton","Cyclopoid"," 50","copepoda","3155","13.1","0.40","6.90","67.3"," 20.0"," 15.5"," 3.10"," 217.44"," 32.97","Above"
"49_16S","49_16S","MP_49_16S","52_Z"," 13539","5","2022-06-29","Blue","38.05095","-119.2703","North","Zooplankton","Cyclopoid"," 50","copepoda","3005","18.5","0.55","7.93","73.1","115.1"," 93.6"," 1.10",NA,NA,"Above"
"50_16S","50_16S","MP_50_16S","3_Z22","  2633","1","2022-06-29","Convict","37.59009","-118.8574","South","Zooplankton","Calanoid"," 50","copepoda","2315","13.8","0.26","5.87","81.6","166.0","130.3"," 0.60",NA,NA,"Below"
"51_16S","51_16S","MP_51_16S","73_Z","  1443","3","2022-07-21","Virginia","38.04698","-119.2651","North","Zooplankton","Cyclopoid"," 50","copepoda","2983","18.7","0.35","8.48","81.4"," 93.0"," 81.9"," 1.10"," 217.24","  7.74","Above"
"52_16S","52_16S","MP_52_16S","49_Z22","  1031","1","2022-06-29","Serene","37.43839","-118.7444","South","Zooplankton","Calanoid"," 50","copepoda","3124","14.4","1.31","6.96","69.5"," 17.6"," 14.0"," 2.70"," 211.83"," 10.84","Above"
"53_16S","53_16S","MP_53_16S","54_Z"," 12335","5","2022-06-29","Blue","38.05095","-119.2703","North","Zooplankton","Cyclopoid"," 50","copepoda","3005","18.5","0.55","7.93","73.1","115.1"," 93.6"," 1.10",NA,NA,"Above"
"54_16S","54_16S","MP_54_16S","63_Z","  2588","3","2022-06-29","Blue","38.05095","-119.2703","North","Zooplankton","Cyclopoid"," 50","copepoda","3005","17.0","0.22","8.48","81.3","100.2"," 84.9"," 0.90","  79.48","  6.19","Above"
"55_16S","55_16S","MP_55_16S","55_Z22","  3900","1","2022-06-29","Blue","38.05095","-119.2703","North","Zooplankton","Cyclopoid"," 50","copepoda","3005","12.8","0.34","7.97","73.8"," 97.5"," 74.7"," 0.80"," 137.16"," 22.60","Above"
"56_16S","56_16S","MP_56_16S","30_Z22","  2152","1","2022-06-29","Cooney","38.04806","-119.2770","North","Zooplankton","Daphnia"," 30","cladocera","3116","12.6","0.45","7.96","80.5","106.9"," 81.7"," 0.70"," 269.97"," 57.28","Above"
"57_16S","57_16S","MP_57_16S","25_Z22","  1461","1","2022-06-29","Cooney","38.04806","-119.2770","North","Zooplankton","Cyclopoid"," 50","copepoda","3116","12.6","0.45","7.96","80.5","106.9"," 81.7"," 0.70"," 269.97"," 57.28","Above"
"58_16S","58_16S","MP_58_16S","18_Z22","   520","1","2022-06-29","Eastern Brook","37.43153","-118.7426","South","Zooplankton","Daphnia"," 30","cladocera","3155","13.1","0.40","6.90","67.3"," 20.0"," 15.5"," 3.10"," 217.44"," 32.97","Above"
"59_16S","59_16S","MP_59_16S","26_Z","   862","2","2022-07-09","Convict","37.59009","-118.8574","South","Zooplankton","Calanoid"," 50","copepoda","2315","15.3","0.28","7.14","84.5","163.2","137.2"," 1.10",NA,"  4.33","Below"
"60_16S","60_16S","MP_60_16S","29_Z22","  2653","1","2022-06-29","Cooney","38.04806","-119.2770","North","Zooplankton","Daphnia"," 30","cladocera","3116","12.6","0.45","7.96","80.5","106.9"," 81.7"," 0.70"," 269.97"," 57.28","Above"
"61_16S","61_16S","MP_61_16S","15_Z","   862","2","2022-07-09","Eastern Brook","37.43153","-118.7426","South","Zooplankton","Calanoid"," 50","copepoda","3155","16.0","0.93","8.60","73.8"," 20.6"," 17.0"," 3.40"," 409.63"," 13.62","Above"
"62_16S","62_16S","MP_62_16S","47_Z22","  7547","1","2022-06-29","Virginia","38.04698","-119.2651","North","Zooplankton","Cyclopoid"," 50","copepoda","2983","14.5","0.67","7.88","76.0"," 90.3"," 72.2"," 0.80"," 165.18","  4.95","Above"
"64_16S","64_16S","MP_64_16S","37_Z","  1442","2","2022-07-09","Virginia","38.04698","-119.2651","North","Zooplankton","Calanoid"," 50","copepoda","2983","16.1","0.58","7.32","80.5"," 91.6"," 76.1"," 1.10"," 872.79",NA,"Above"
"66_16S","66_16S","MP_66_16S","15_Z22","   596","1","2022-06-29","Eastern Brook","37.43153","-118.7426","South","Zooplankton","Calanoid"," 50","copepoda","3155","13.1","0.40","6.90","67.3"," 20.0"," 15.5"," 3.10"," 217.44"," 32.97","Above"
"67_16S","67_16S","MP_67_16S","93_Z","   975","3","2022-07-21","Cooney","38.04806","-119.2770","North","Zooplankton","Cyclopoid"," 50","copepoda","3116","16.7","0.43","8.61","76.8","112.9"," 95.0"," 1.00","  84.23","369.04","Above"
"70_16S","70_16S","MP_70_16S","9_Z","  4047","2","2022-07-09","Serene","37.43839","-118.7444","South","Zooplankton","Calanoid"," 50","copepoda","3124","16.8","1.39","8.65","70.0"," 17.8"," 15.0"," 3.00"," 697.03",NA,"Above"
"73_16S","73_16S","MP_73_16S","48_Z","   763","5","2022-06-29","Blue","38.05095","-119.2703","North","Zooplankton","Daphnia"," 30","cladocera","3005","18.5","0.55","7.93","73.1","115.1"," 93.6"," 1.10",NA,NA,"Above"
"74_16S","74_16S","MP_74_16S","62_Z","  3638","3","2022-06-29","Blue","38.05095","-119.2703","North","Zooplankton","Cyclopoid"," 50","copepoda","3005","17.0","0.22","8.48","81.3","100.2"," 84.9"," 0.90","  79.48","  6.19","Above"
"75_16S","75_16S","MP_75_16S","6_Z","  1239","2","2022-07-09","Eastern Brook","37.43153","-118.7426","South","Zooplankton","Calanoid"," 50","copepoda","3155","16.0","0.93","8.60","73.8"," 20.6"," 17.0"," 3.40"," 409.63"," 13.62","Above"
"77_16S","77_16S","MP_77_16S","40_Z"," 25578","2","2022-07-09","Cooney","38.04806","-119.2770","North","Zooplankton","Daphnia"," 30","cladocera","3116","14.3","0.30","6.94","77.5","109.6"," 87.1"," 1.00","  74.73","  9.29","Above"
"79_16S","79_16S","MP_79_16S","41_Z22","  3263","1","2022-06-29","Virginia","38.04698","-119.2651","North","Zooplankton","Daphnia","100","cladocera","2983","14.5","0.67","7.88","76.0"," 90.3"," 72.2"," 0.80"," 165.18","  4.95","Above"
"80_16S","80_16S","MP_80_16S","36_Z22","  1230","1","2022-06-29","Virginia","38.04698","-119.2651","North","Zooplankton","Daphnia"," 30","cladocera","2983","14.5","0.67","7.88","76.0"," 90.3"," 72.2"," 0.80"," 165.18","  4.95","Above"
"82_16S","82_16S","MP_82_16S","25_Z","  3831","2","2022-06-29","Blue","38.05095","-119.2703","North","Zooplankton","Cyclopoid"," 20","copepoda","3005","14.8","0.42","7.04","82.1"," 98.7"," 79.4"," 0.90"," 264.74","149.54","Above"
"83_16S","83_16S","MP_83_16S","27_Z22","  2891","1","2022-06-29","Cooney","38.04806","-119.2770","North","Zooplankton","Daphnia"," 30","cladocera","3116","12.6","0.45","7.96","80.5","106.9"," 81.7"," 0.70"," 269.97"," 57.28","Above"
"84_16S","84_16S","MP_84_16S","45_Z"," 75335","2","2022-07-09","Cooney","38.04806","-119.2770","North","Zooplankton","Calanoid"," 50","copepoda","3116","14.3","0.30","6.94","77.5","109.6"," 87.1"," 1.00","  74.73","  9.29","Above"
"85_16S","85_16S","MP_85_16S","50_Z22","  3760","1","2022-06-29","Serene","37.43839","-118.7444","South","Zooplankton","Calanoid"," 50","copepoda","3124","14.4","1.31","6.96","69.5"," 17.6"," 14.0"," 2.70"," 211.83"," 10.84","Above"
"86_16S","86_16S","MP_86_16S","21_Z22","  1601","1","2022-06-29","Eastern Brook","37.43153","-118.7426","South","Zooplankton","Calanoid"," 50","copepoda","3155","13.1","0.40","6.90","67.3"," 20.0"," 15.5"," 3.10"," 217.44"," 32.97","Above"
"87_16S","87_16S","MP_87_16S","40_Z22","  1466","1","2022-06-29","Virginia","38.04698","-119.2651","North","Zooplankton","Daphnia"," 30","cladocera","2983","14.5","0.67","7.88","76.0"," 90.3"," 72.2"," 0.80"," 165.18","  4.95","Above"
"88_16S","88_16S","MP_88_16S","5_Z","  1556","2","2022-07-09","Eastern Brook","37.43153","-118.7426","South","Zooplankton","Calanoid"," 50","copepoda","3155","16.0","0.93","8.60","73.8"," 20.6"," 17.0"," 3.40"," 409.63"," 13.62","Above"
"89_16S","89_16S","MP_89_16S","52_Z22","  1411","1","2022-06-29","Serene","37.43839","-118.7444","South","Zooplankton","Calanoid"," 50","copepoda","3124","14.4","1.31","6.96","69.5"," 17.6"," 14.0"," 2.70"," 211.83"," 10.84","Above"
"90_16S","90_16S","MP_90_16S","76_Z","  1617","3","2022-07-21","Convict","37.59009","-118.8574","South","Zooplankton","Calanoid"," 50","copepoda","2315","18.2","0.20","8.34","76.7","164.8","143.5"," 0.80"," 103.23","204.95","Below"
"91_16S","91_16S","MP_91_16S","44_Z22","  3873","1","2022-06-29","Virginia","38.04698","-119.2651","North","Zooplankton","Cyclopoid"," 50","copepoda","2983","14.5","0.67","7.88","76.0"," 90.3"," 72.2"," 0.80"," 165.18","  4.95","Above"
"93_16S","93_16S","MP_93_16S","8_Z","  7513","2","2022-07-09","Serene","37.43839","-118.7444","South","Zooplankton","Calanoid"," 50","copepoda","3124","16.8","1.39","8.65","70.0"," 17.8"," 15.0"," 3.00"," 697.03",NA,"Above"
"94_16S","94_16S","MP_94_16S","53_Z"," 33876","5","2022-06-29","Blue","38.05095","-119.2703","North","Zooplankton","Cyclopoid"," 50","copepoda","3005","18.5","0.55","7.93","73.1","115.1"," 93.6"," 1.10",NA,NA,"Above"
"95_16S","95_16S","MP_95_16S","32_Z","124799","2","2022-07-09","Virginia","38.04698","-119.2651","North","Zooplankton","Cyclopoid"," 50","copepoda","2983","16.1","0.58","7.32","80.5"," 91.6"," 76.1"," 1.10"," 872.79",NA,"Above"
"96_16S","96_16S","MP_96_16S","72_Z","  3855","3","2022-07-21","Virginia","38.04698","-119.2651","North","Zooplankton","Calanoid"," 50","copepoda","2983","18.7","0.35","8.48","81.4"," 93.0"," 81.9"," 1.10"," 217.24","  7.74","Above"
"98_16S","98_16S","MP_98_16S","38_Z22","  1234","1","2022-06-29","Virginia","38.04698","-119.2651","North","Zooplankton","Daphnia"," 30","cladocera","2983","14.5","0.67","7.88","76.0"," 90.3"," 72.2"," 0.80"," 165.18","  4.95","Above"
"99_16S","99_16S","MP_99_16S","100_Z","  1476","3","2022-07-21","Eastern Brook","37.43153","-118.7426","South","Zooplankton","Daphnia"," 30","cladocera","3155","18.9","1.05","8.56","74.2"," 21.0"," 18.5"," 3.45"," 202.99","101.86","Above"
